,vehicle_id,vehicle_type,depart_time,O_location,D_location,p1_id,p2_id,O_x_coord,O_y_coord,D_x_coord,D_y_coord
0,89,pickup_p1,1493596860.0,2389.0,2389.0,17592367572118,,110.3418919,20.0473513,110.3418919,20.0473513
1,126,pickup_p2,1493597020.0,2389.0,2389.0,17592367501490,17592367501490.0,110.3418919,20.0473513,110.3418919,20.0473513
2,126,pickup_p1,1493597010.0,412.0,2389.0,17592367501490,,110.341176,20.0472457,110.3418919,20.0473513
3,126,delivery_p2,1493597020.0,2389.0,3694.0,17592367501490,17592367501490.0,110.3418919,20.0473513,110.4625777,19.9416606
4,83,delivery_p1,1493600703.578809,1058.0,3694.0,17592368280308,17592368348494.0,110.3461814,19.9888816,110.4625777,19.9416606
5,91,pickup_p1,1493596950.0,3835.0,3694.0,17592367490350,,110.4604107,19.9420465,110.4625777,19.9416606
6,70,delivery_p1,1493598436.871395,3435.0,3694.0,17592367537052,17592367721287.0,110.3660652,20.0082413,110.4625777,19.9416606
7,126,delivery_p1,1493599581.754183,3694.0,3694.0,17592367501490,17592367501490.0,110.4625777,19.9416606,110.4625777,19.9416606
8,67,delivery_p1,1493599402.0757537,3694.0,3694.0,17592360216531,17592360216531.0,110.4625777,19.9416606,110.4625777,19.9416606
9,36,delivery_p1,1493600722.7744317,3694.0,3694.0,17592367880772,17592367880772.0,110.4625777,19.9416606,110.4625777,19.9416606
10,45,delivery_p1,1493600646.8521698,3694.0,3694.0,17592367912532,17592367912532.0,110.4625777,19.9416606,110.4625777,19.9416606
11,51,delivery_p1,1493601401.4570622,3694.0,3694.0,17592368031258,17592368031258.0,110.4625777,19.9416606,110.4625777,19.9416606
12,111,pickup_p1,1493599560.0,3694.0,3694.0,17592368032506,,110.4625777,19.9416606,110.4625777,19.9416606
13,111,"failed_ridepooling,delivery_p1",1493597630.0,1050.0,3694.0,17592362254518,,110.3615379,20.0018709,110.4625777,19.9416606
14,0,"failed_ridepooling,delivery_p1",1493599260.0,885.0,3694.0,17592367893244,,110.3293982,19.9987481,110.4625777,19.9416606
15,109,delivery_p1,1493599810.1015117,3437.0,3694.0,17592367818974,17592367902353.0,110.4032877,20.0185729,110.4625777,19.9416606
16,67,delivery_p2,1493597380.0,2803.0,3694.0,17592360216531,17592360216531.0,110.322801,19.9186544,110.4625777,19.9416606
17,114,delivery_p1,1493600161.1367705,1085.0,3694.0,17592367704821,17592367982670.0,110.3443467,19.9804333,110.4625777,19.9416606
18,51,delivery_p2,1493599530.0,1085.0,3694.0,17592368031258,17592368031258.0,110.3443467,19.9804333,110.4625777,19.9416606
19,65,"failed_ridepooling,delivery_p1",1493598530.0,3589.0,3694.0,17592367779026,,110.1915533,20.0592676,110.4625777,19.9416606
20,98,delivery_p1,1493598032.6593728,2143.0,3694.0,17592367581362,17592367708878.0,110.3322275,20.0104305,110.4625777,19.9416606
21,69,delivery_p1,1493600146.5135849,1331.0,3694.0,17592368051732,17592367944339.0,110.3388606,20.0250458,110.4625777,19.9416606
22,2,delivery_p2,1493597870.8398662,1138.0,3694.0,17592367692918,17592367731492.0,110.4350106,19.9661221,110.4625777,19.9416606
23,36,delivery_p2,1493598530.0,131.0,3694.0,17592367880772,17592367880772.0,110.352186,20.0310511,110.4625777,19.9416606
24,74,delivery_p1,1493600648.2063508,1076.0,3694.0,17592367947897,17592368039152.0,110.3488917,19.989201,110.4625777,19.9416606
25,108,"failed_ridepooling,delivery_p1",1493598800.0,1773.0,3694.0,17592367859852,,110.298201,20.0221929,110.4625777,19.9416606
26,101,delivery_p1,1493599143.5023856,1280.0,3694.0,17592367804226,17592367817273.0,110.3334018,20.0405368,110.4625777,19.9416606
27,7,"failed_ridepooling,delivery_p1",1493599800.0,470.0,3694.0,17592367853785,,110.3672802,19.9885615,110.4625777,19.9416606
28,61,"failed_ridepooling,delivery_p1",1493598600.0,571.0,3694.0,17592367718008,,110.3760633,19.9983912,110.4625777,19.9416606
29,93,"failed_ridepooling,delivery_p1",1493598600.0,571.0,3694.0,17592367718008,,110.3760633,19.9983912,110.4625777,19.9416606
30,45,delivery_p2,1493598900.0,3286.0,3694.0,17592367912532,17592367912532.0,110.3644194,19.9857239,110.4625777,19.9416606
31,128,delivery_p1,1493599253.7638624,2646.0,3694.0,17592367760305,17592368054818.0,110.3713449,20.029333,110.4625777,19.9416606
32,64,delivery_p2,1493599746.7404811,3258.0,3694.0,17592368075066,17592367859635.0,110.3758451,20.0270426,110.4625777,19.9416606
33,35,delivery_p2,1493601001.8458822,2401.0,3694.0,17592368148417,17592368071861.0,110.3620649,20.0065132,110.4625777,19.9416606
34,89,"failed_ridepooling,delivery_p1",1493597460.0,2389.0,1373.0,17592367572118,,110.3418919,20.0473513,110.3615289,20.0364717
35,121,pickup_p2,1493599830.0,3258.0,1373.0,17592368014350,17592368259872.0,110.3758451,20.0270426,110.3615289,20.0364717
36,9,pickup_p1,1493596880.0,2634.0,1547.0,17592367660291,,110.3334344,20.0750017,110.3376891,20.0710574
37,125,delivery_p1,1493599480.5486314,1547.0,1547.0,17592367809527,17592367903518.0,110.3376891,20.0710574,110.3376891,20.0710574
38,130,delivery_p1,1493599871.5410686,630.0,1547.0,17592368103500,17592368109862.0,110.3366104,20.022448,110.3376891,20.0710574
39,125,delivery_p2,1493598730.0,2207.0,1547.0,17592367809527,17592367903518.0,110.3471015,20.0207659,110.3376891,20.0710574
40,76,"failed_ridepooling,delivery_p1",1493597850.0,1343.0,1547.0,17592367541963,,110.3623926,20.0295238,110.3376891,20.0710574
41,57,delivery_p1,1493598450.330569,1071.0,1547.0,17592367589354,17592367845531.0,110.353014,19.9990498,110.3376891,20.0710574
42,75,delivery_p2,1493601163.7580175,38.0,1547.0,17592368108745,17592368282568.0,110.3204729,20.0245874,110.3376891,20.0710574
43,60,delivery_p1,1493600114.4386022,3269.0,1547.0,17592368074276,17592367991408.0,110.3418024,20.0320787,110.3376891,20.0710574
44,32,delivery_p1,1493599051.481391,2650.0,1547.0,17592367948715,17592367876954.0,110.3539799,20.0218959,110.3376891,20.0710574
45,3,"failed_ridepooling,delivery_p1",1493599260.0,469.0,1547.0,17592367881100,,110.3738016,20.0184417,110.3376891,20.0710574
46,125,pickup_p2,1493599590.0,2634.0,496.0,17592367992143,17592367964605.0,110.3334344,20.0750017,110.3384474,20.0541928
47,28,pickup_p1,1493599620.0,1182.0,496.0,17592367964605,,110.3427796,20.0525396,110.3384474,20.0541928
48,38,pickup_p1,1493596880.0,119.0,121.0,17592367575182,,110.3289558,20.025095,110.3322513,20.0167634
49,42,pickup_p1,1493598140.0,119.0,2208.0,17592367642804,,110.3289558,20.025095,110.333701,20.0242463
50,110,pickup_p1,1493597720.0,3391.0,2208.0,17592367543316,,110.3319369,20.0195574,110.333701,20.0242463
51,21,delivery_p2,1493598374.211271,2113.0,2208.0,17592367624240,17592367944463.0,110.3359164,19.9957182,110.333701,20.0242463
52,51,pickup_p1,1493596880.0,2678.0,3206.0,17592367561064,,110.2804135,19.9913703,110.2739166,19.9838259
53,125,pickup_p1,1493597130.0,2678.0,2678.0,17592367671090,,110.2804135,19.9913703,110.2804135,19.9913703
54,125,pickup_p2,1493597300.0,2678.0,2679.0,17592367671090,17592367588092.0,110.2804135,19.9913703,110.2803676,19.9933808
55,63,pickup_p1,1493596880.0,2227.0,878.0,17592367551984,,110.3200411,19.9995377,110.3135356,19.9972854
56,63,pickup_p2,1493597120.0,878.0,878.0,17592367551984,17592367516492.0,110.3135356,19.9972854,110.3135356,19.9972854
57,123,pickup_p1,1493599110.0,1739.0,878.0,17592367845761,,110.3043869,20.004105,110.3135356,19.9972854
58,102,pickup_p1,1493596910.0,1058.0,1074.0,17592367515296,,110.3461814,19.9888816,110.3487453,19.9893267
59,102,pickup_p2,1493596920.0,1074.0,1074.0,17592367515296,17592367515296.0,110.3487453,19.9893267,110.3487453,19.9893267
60,73,"failed_ridepooling,delivery_p1",1493600110.0,1058.0,1657.0,17592368101216,,110.3461814,19.9888816,110.3613256,19.9108691
61,102,delivery_p2,1493596920.0,1074.0,2671.0,17592367515296,17592367515296.0,110.3487453,19.9893267,110.3500396,20.0048891
62,102,delivery_p1,1493597214.362265,2671.0,2671.0,17592367515296,17592367515296.0,110.3500396,20.0048891,110.3500396,20.0048891
63,68,delivery_p2,1493599992.1666484,2143.0,2671.0,17592368034231,17592368168638.0,110.3322275,20.0104305,110.3500396,20.0048891
64,102,pickup_p1,1493599110.0,2671.0,1072.0,17592368077754,,110.3500396,20.0048891,110.3515021,20.001954
65,68,delivery_p1,1493600269.5575452,2671.0,1069.0,17592368034231,17592368168638.0,110.3500396,20.0048891,110.3622966,19.9907808
66,71,pickup_p2,1493599350.0,379.0,1069.0,17592367958209,17592367995404.0,110.3765969,19.9810403,110.3622966,19.9907808
67,118,pickup_p1,1493596940.0,1728.0,3223.0,17592367663682,,110.2927417,20.0065985,110.2944066,19.9998084
68,38,pickup_p1,1493600030.0,823.0,3223.0,17592368202975,,110.2871884,20.0093471,110.2944066,19.9998084
69,68,delivery_p1,1493599054.9611714,1728.0,1772.0,17592367809999,17592367926444.0,110.2927417,20.0065985,110.3011871,20.0244527
70,114,pickup_p2,1493599050.0,81.0,1772.0,17592367704821,17592367982670.0,110.3058475,20.0262806,110.3011871,20.0244527
71,4,delivery_p1,1493600795.0841682,1728.0,1728.0,17592368250772,17592368250772.0,110.2927417,20.0065985,110.2927417,20.0065985
72,4,delivery_p2,1493599910.0,1078.0,1728.0,17592368250772,17592368250772.0,110.3409699,19.9883926,110.2927417,20.0065985
73,68,pickup_p2,1493598950.0,1740.0,1728.0,17592367809999,17592367926444.0,110.2978997,20.0033891,110.2927417,20.0065985
74,24,pickup_p1,1493596950.0,1133.0,2243.0,17592367653395,,110.337474,19.9805445,110.3274836,19.9771667
75,30,delivery_p2,1493598965.0583124,2111.0,2243.0,17592367864526,17592367731759.0,110.331644,19.9919764,110.3274836,19.9771667
76,57,pickup_p1,1493597410.0,1085.0,2243.0,17592367589354,,110.3443467,19.9804333,110.3274836,19.9771667
77,57,pickup_p2,1493597890.0,2243.0,2243.0,17592367589354,17592367845531.0,110.3274836,19.9771667,110.3274836,19.9771667
78,29,pickup_p1,1493599700.0,1089.0,2243.0,17592367992741,,110.3196287,19.9782962,110.3274836,19.9771667
79,27,delivery_p2,1493600244.1003215,2246.0,2243.0,17592368251626,17592368160265.0,110.326244,19.9893897,110.3274836,19.9771667
80,8,delivery_p2,1493599038.7115614,1133.0,479.0,17592367948960,17592368048043.0,110.337474,19.9805445,110.3449993,20.0311155
81,49,pickup_p1,1493597380.0,479.0,479.0,17592367605284,,110.3449993,20.0311155,110.3449993,20.0311155
82,49,pickup_p2,1493597390.0,479.0,479.0,17592367605284,17592367605284.0,110.3449993,20.0311155,110.3449993,20.0311155
83,123,delivery_p1,1493600915.019353,3412.0,479.0,17592368033396,17592368274702.0,110.3270583,20.0271084,110.3449993,20.0311155
84,8,pickup_p1,1493600280.0,1133.0,7.0,17592368215017,,110.337474,19.9805445,110.3374007,19.9879419
85,110,pickup_p1,1493599750.0,1085.0,7.0,17592367982761,,110.3443467,19.9804333,110.3374007,19.9879419
86,45,pickup_p1,1493596970.0,993.0,993.0,17592367475081,,110.3657146,19.9802057,110.3657146,19.9802057
87,80,pickup_p1,1493597730.0,993.0,993.0,17592367715698,,110.3657146,19.9802057,110.3657146,19.9802057
88,45,pickup_p2,1493597550.0,993.0,3290.0,17592367475081,17592367605959.0,110.3657146,19.9802057,110.3622935,19.9877523
89,32,pickup_p1,1493599990.0,1048.0,3290.0,17592368260459,,110.357566,20.0041143,110.3622935,19.9877523
90,57,pickup_p2,1493599690.0,1066.0,3290.0,17592368003908,17592368014405.0,110.3524365,19.9897543,110.3622935,19.9877523
91,123,delivery_p1,1493599831.149228,2223.0,3290.0,17592367845761,17592368050594.0,110.3438273,19.9961084,110.3622935,19.9877523
92,80,"failed_ridepooling,delivery_p1",1493598330.0,993.0,3624.0,17592367715698,,110.3657146,19.9802057,110.339226,20.0030854
93,110,delivery_p2,1493598244.6623206,3391.0,3624.0,17592367543316,17592367644317.0,110.3319369,20.0195574,110.339226,20.0030854
94,4,pickup_p1,1493596980.0,2393.0,1370.0,17592367671334,,110.3676773,20.0289558,110.3675838,20.0289556
95,96,pickup_p2,1493598070.0,2393.0,1370.0,17592367709776,17592367621202.0,110.3676773,20.0289558,110.3675838,20.0289556
96,4,pickup_p2,1493596990.0,1370.0,1370.0,17592367671334,17592367671334.0,110.3675838,20.0289556,110.3675838,20.0289556
97,37,pickup_p2,1493597500.0,604.0,1370.0,17592367692218,17592367755876.0,110.3766748,20.0297118,110.3675838,20.0289556
98,81,pickup_p1,1493596980.0,1077.0,1078.0,17592367471561,,110.3453365,19.988906,110.3409699,19.9883926
99,55,delivery_p1,1493599009.0508745,3621.0,1078.0,17592367775746,17592367944959.0,110.3366059,19.9994198,110.3409699,19.9883926
100,112,"failed_ridepooling,delivery_p1",1493597940.0,2330.0,1078.0,17592367542850,,110.4728753,19.9839538,110.3409699,19.9883926
101,4,pickup_p2,1493599910.0,1078.0,1078.0,17592368250772,17592368250772.0,110.3409699,19.9883926,110.3409699,19.9883926
102,110,pickup_p2,1493599770.0,7.0,1078.0,17592367982761,17592368137778.0,110.3374007,19.9879419,110.3409699,19.9883926
103,4,pickup_p1,1493599900.0,2194.0,1078.0,17592368250772,,110.3471126,19.9973208,110.3409699,19.9883926
104,104,delivery_p1,1493599748.2442806,1077.0,3269.0,17592367984808,17592368010477.0,110.3453365,19.988906,110.3418024,20.0320787
105,14,"failed_ridepooling,delivery_p1",1493597590.0,81.0,3269.0,17592367671235,,110.3058475,20.0262806,110.3418024,20.0320787
106,64,"failed_ridepooling,delivery_p1",1493598180.0,3571.0,3269.0,17592367686503,,110.3545553,20.0743586,110.3418024,20.0320787
107,60,delivery_p2,1493599541.0586846,2400.0,3269.0,17592368074276,17592367991408.0,110.3620642,20.0102822,110.3418024,20.0320787
108,4,delivery_p2,1493596990.0,1370.0,3278.0,17592367671334,17592367671334.0,110.3675838,20.0289556,110.3184971,20.0320049
109,4,delivery_p1,1493597740.387288,3278.0,3278.0,17592367671334,17592367671334.0,110.3184971,20.0320049,110.3184971,20.0320049
110,97,delivery_p2,1493598080.9106812,490.0,3278.0,17592367764808,17592367783947.0,110.3356261,20.0343245,110.3184971,20.0320049
111,37,delivery_p1,1493597639.555565,1370.0,1382.0,17592367692218,17592367755876.0,110.3675838,20.0289556,110.3214524,20.0334191
112,56,delivery_p1,1493600355.204892,1382.0,1382.0,17592368104140,17592368104140.0,110.3214524,20.0334191,110.3214524,20.0334191
113,56,delivery_p2,1493599460.0,544.0,1382.0,17592368104140,17592368104140.0,110.3730519,20.0123614,110.3214524,20.0334191
114,96,delivery_p2,1493598071.1721544,1370.0,1348.0,17592367709776,17592367621202.0,110.3675838,20.0289556,110.3538777,20.0403448
115,130,pickup_p2,1493598310.0,249.0,1348.0,17592367852303,17592367674373.0,110.3592169,20.0549485,110.3538777,20.0403448
116,119,pickup_p2,1493599320.0,558.0,1348.0,17592367914593,17592367892617.0,110.3579319,20.0505575,110.3538777,20.0403448
117,96,pickup_p1,1493600340.0,1370.0,1368.0,17592368303228,,110.3675838,20.0289556,110.3675816,20.033225
118,14,pickup_p1,1493596990.0,1772.0,81.0,17592367671235,,110.3011871,20.0244527,110.3058475,20.0262806
119,98,pickup_p1,1493597150.0,3283.0,81.0,17592367581362,,110.3207709,20.0246794,110.3058475,20.0262806
120,114,pickup_p1,1493598760.0,1779.0,81.0,17592367704821,,110.306251,20.0263829,110.3058475,20.0262806
121,68,delivery_p2,1493599411.1249795,1772.0,38.0,17592367809999,17592367926444.0,110.3011871,20.0244527,110.3204729,20.0245874
122,20,delivery_p2,1493598196.5471354,633.0,38.0,17592367643749,17592367861756.0,110.3416302,20.0223599,110.3204729,20.0245874
123,75,delivery_p1,1493600421.6061451,1070.0,38.0,17592368108745,17592368282568.0,110.3565181,19.9942564,110.3204729,20.0245874
124,117,pickup_p1,1493597950.0,38.0,38.0,17592367847143,,110.3204729,20.0245874,110.3204729,20.0245874
125,114,delivery_p2,1493599113.365836,1772.0,1085.0,17592367704821,17592367982670.0,110.3011871,20.0244527,110.3443467,19.9804333
126,54,"failed_ridepooling,delivery_p1",1493597610.0,2111.0,1085.0,17592367479989,,110.331644,19.9919764,110.3443467,19.9804333
127,44,delivery_p1,1493598353.0852065,2111.0,1085.0,17592367772559,17592367620202.0,110.331644,19.9919764,110.3443467,19.9804333
128,44,pickup_p1,1493598710.0,2111.0,1085.0,17592367829815,,110.331644,19.9919764,110.3443467,19.9804333
129,49,delivery_p2,1493597390.0,479.0,1085.0,17592367605284,17592367605284.0,110.3449993,20.0311155,110.3443467,19.9804333
130,49,delivery_p1,1493598247.8984678,1085.0,1085.0,17592367605284,17592367605284.0,110.3443467,19.9804333,110.3443467,19.9804333
131,45,delivery_p1,1493598017.3942528,1085.0,1085.0,17592367475081,17592367605959.0,110.3443467,19.9804333,110.3443467,19.9804333
132,104,delivery_p1,1493599053.020688,1085.0,1085.0,17592367610177,17592367610177.0,110.3443467,19.9804333,110.3443467,19.9804333
133,129,delivery_p1,1493599157.890824,1085.0,1085.0,17592367883890,17592367776817.0,110.3443467,19.9804333,110.3443467,19.9804333
134,104,pickup_p1,1493599040.0,1085.0,1085.0,17592367984808,,110.3443467,19.9804333,110.3443467,19.9804333
135,110,delivery_p1,1493599761.927642,1085.0,1085.0,17592367928244,17592367928244.0,110.3443467,19.9804333,110.3443467,19.9804333
136,78,delivery_p1,1493600615.8473964,1085.0,1085.0,17592367830619,17592367923633.0,110.3443467,19.9804333,110.3443467,19.9804333
137,129,pickup_p1,1493599140.0,1085.0,1085.0,17592367996844,,110.3443467,19.9804333,110.3443467,19.9804333
138,55,delivery_p1,1493600341.3780642,1085.0,1085.0,17592367996527,17592368092667.0,110.3443467,19.9804333,110.3443467,19.9804333
139,19,delivery_p1,1493600341.2842402,1085.0,1085.0,17592368095574,17592367923294.0,110.3443467,19.9804333,110.3443467,19.9804333
140,51,pickup_p1,1493599520.0,1085.0,1085.0,17592368031258,,110.3443467,19.9804333,110.3443467,19.9804333
141,51,pickup_p2,1493599530.0,1085.0,1085.0,17592368031258,17592368031258.0,110.3443467,19.9804333,110.3443467,19.9804333
142,5,delivery_p1,1493601835.096104,1085.0,1085.0,17592368272995,17592368272995.0,110.3443467,19.9804333,110.3443467,19.9804333
143,129,delivery_p2,1493598805.6703243,1070.0,1085.0,17592367883890,17592367776817.0,110.3565181,19.9942564,110.3443467,19.9804333
144,8,pickup_p1,1493598700.0,2221.0,1085.0,17592367948960,,110.3375896,19.9934762,110.3443467,19.9804333
145,45,delivery_p2,1493597695.4342482,3290.0,1085.0,17592367475081,17592367605959.0,110.3622935,19.9877523,110.3443467,19.9804333
146,79,"failed_ridepooling,delivery_p1",1493600360.0,2143.0,1085.0,17592368112916,,110.3322275,20.0104305,110.3443467,19.9804333
147,86,delivery_p1,1493600766.311901,1182.0,1085.0,17592368043437,17592368287795.0,110.3427796,20.0525396,110.3443467,19.9804333
148,55,delivery_p2,1493599663.6838677,3295.0,1085.0,17592367996527,17592368092667.0,110.3207849,20.0059378,110.3443467,19.9804333
149,4,delivery_p1,1493598594.5743916,2665.0,1085.0,17592367784812,17592367853816.0,110.3407115,20.0002329,110.3443467,19.9804333
150,130,delivery_p1,1493598825.0448155,532.0,1085.0,17592367852303,17592367674373.0,110.35944,20.0221353,110.3443467,19.9804333
151,123,delivery_p2,1493598483.4901595,1093.0,1085.0,17592367595829,17592367771470.0,110.2997898,19.9782087,110.3443467,19.9804333
152,104,delivery_p2,1493597800.0,1559.0,1085.0,17592367610177,17592367610177.0,110.3335193,20.0565169,110.3443467,19.9804333
153,43,"failed_ridepooling,delivery_p1",1493599530.0,810.0,1085.0,17592367838448,,110.3169188,20.0183294,110.3443467,19.9804333
154,54,pickup_p2,1493598500.0,990.0,1085.0,17592367717357,17592367888320.0,110.3461227,19.9802181,110.3443467,19.9804333
155,82,delivery_p2,1493598545.7703068,3657.0,1085.0,17592367790339,17592367946204.0,110.3750836,20.0087575,110.3443467,19.9804333
156,30,pickup_p2,1493599590.0,2245.0,1085.0,17592367917274,17592368030885.0,110.3269156,19.9853225,110.3443467,19.9804333
157,80,delivery_p2,1493599442.7863984,1339.0,1085.0,17592367794628,17592368104163.0,110.3414732,20.004383,110.3443467,19.9804333
158,33,delivery_p1,1493599297.5173175,480.0,1085.0,17592367961219,17592367810133.0,110.3430179,20.0330107,110.3443467,19.9804333
159,105,delivery_p1,1493600477.6162665,3286.0,1085.0,17592368053239,17592368263272.0,110.3644194,19.9857239,110.3443467,19.9804333
160,19,delivery_p2,1493599362.9347715,606.0,1085.0,17592368095574,17592367923294.0,110.3786838,20.0259785,110.3443467,19.9804333
161,51,"failed_ridepooling,delivery_p1",1493599130.0,1066.0,1085.0,17592367879384,,110.3524365,19.9897543,110.3443467,19.9804333
162,110,delivery_p2,1493599040.0,116.0,1085.0,17592367928244,17592367928244.0,110.3316762,20.0261705,110.3443467,19.9804333
163,78,delivery_p2,1493599234.0973375,434.0,1085.0,17592367830619,17592367923633.0,110.3328513,20.068576,110.3443467,19.9804333
164,119,delivery_p1,1493599993.3547711,1332.0,1085.0,17592367914593,17592367892617.0,110.3368701,20.0273142,110.3443467,19.9804333
165,5,delivery_p2,1493599930.0,2386.0,1085.0,17592368272995,17592368272995.0,110.2350465,20.0368094,110.3443467,19.9804333
166,91,"failed_ridepooling,delivery_p1",1493600080.0,2338.0,1085.0,17592367325075,,110.474944,19.9778502,110.3443467,19.9804333
167,30,pickup_p1,1493596990.0,185.0,194.0,17592367569051,,110.3411185,20.0349696,110.3432178,20.0358849
168,70,pickup_p2,1493597660.0,1286.0,194.0,17592367537052,17592367721287.0,110.3324704,20.0407216,110.3432178,20.0358849
169,14,pickup_p1,1493598300.0,3269.0,194.0,17592367785991,,110.3418024,20.0320787,110.3432178,20.0358849
170,49,delivery_p1,1493599010.8470209,2241.0,194.0,17592367767705,17592367817354.0,110.3159938,19.9967418,110.3432178,20.0358849
171,17,delivery_p2,1493598567.9884486,185.0,591.0,17592367720243,17592367607217.0,110.3411185,20.0349696,110.3596894,20.049529
172,13,"failed_ridepooling,delivery_p1",1493599400.0,185.0,776.0,17592367973408,,110.3411185,20.0349696,110.315605,20.0349936
173,54,delivery_p1,1493598672.0698917,1085.0,776.0,17592367717357,17592367888320.0,110.3443467,19.9804333,110.315605,20.0349936
174,43,delivery_p2,1493597561.3546164,2215.0,776.0,17592367680990,17592367750160.0,110.3337647,20.0211916,110.315605,20.0349936
175,83,delivery_p2,1493598242.1841896,3282.0,776.0,17592367488793,17592367616468.0,110.3172049,20.0220068,110.315605,20.0349936
176,13,delivery_p1,1493600239.0723586,185.0,3404.0,17592368169023,17592368244891.0,110.3411185,20.0349696,110.3042334,20.0184176
177,88,delivery_p2,1493597946.3178256,1048.0,3404.0,17592367689123,17592367722812.0,110.357566,20.0041143,110.3042334,20.0184176
178,88,delivery_p1,1493598744.1468172,3404.0,3404.0,17592367689123,17592367722812.0,110.3042334,20.0184176,110.3042334,20.0184176
179,121,delivery_p1,1493600076.9293969,1373.0,3404.0,17592368014350,17592368259872.0,110.3615289,20.0364717,110.3042334,20.0184176
180,89,delivery_p1,1493599117.3456264,3384.0,3404.0,17592367745149,17592367804398.0,110.3470893,20.0160186,110.3042334,20.0184176
181,117,delivery_p1,1493600387.72047,1783.0,3404.0,17592368144901,17592368065321.0,110.3250663,20.0287294,110.3042334,20.0184176
182,4,pickup_p1,1493597970.0,3278.0,1781.0,17592367784812,,110.3184971,20.0320049,110.3294064,20.0329712
183,10,pickup_p2,1493598870.0,1280.0,1781.0,17592367867825,17592367810133.0,110.3334018,20.0405368,110.3294064,20.0329712
184,33,pickup_p2,1493598870.0,1280.0,1781.0,17592367961219,17592367810133.0,110.3334018,20.0405368,110.3294064,20.0329712
185,33,pickup_p1,1493600360.0,1279.0,1781.0,17592368226853,,110.3331478,20.0404807,110.3294064,20.0329712
186,97,delivery_p1,1493598436.694116,3278.0,1747.0,17592367764808,17592367783947.0,110.3184971,20.0320049,110.2833154,20.0033859
187,97,pickup_p1,1493599150.0,3278.0,1574.0,17592367899265,,110.3184971,20.0320049,110.3247685,20.0427159
188,13,pickup_p1,1493599910.0,776.0,1574.0,17592368169023,,110.315605,20.0349936,110.3247685,20.0427159
189,79,pickup_p1,1493597000.0,3435.0,2659.0,17592367524423,,110.3660652,20.0082413,110.3661124,20.0083754
190,82,pickup_p1,1493598400.0,3435.0,3664.0,17592367790339,,110.3660652,20.0082413,110.3732897,20.0120743
191,94,pickup_p1,1493599740.0,1071.0,3664.0,17592368021680,,110.353014,19.9990498,110.3732897,20.0120743
192,117,pickup_p2,1493599250.0,3664.0,3664.0,17592368093919,17592368093919.0,110.3732897,20.0120743,110.3732897,20.0120743
193,82,pickup_p1,1493600200.0,3657.0,3664.0,17592368214313,,110.3750836,20.0087575,110.3732897,20.0120743
194,117,pickup_p1,1493599240.0,2399.0,3664.0,17592368093919,,110.3620678,20.00823,110.3732897,20.0120743
195,87,pickup_p1,1493598420.0,3435.0,1596.0,17592367822341,,110.3660652,20.0082413,110.3733024,20.0022099
196,100,pickup_p1,1493598630.0,3435.0,3663.0,17592367828857,,110.3660652,20.0082413,110.3725342,20.0089848
197,105,delivery_p2,1493599999.2257056,3435.0,3286.0,17592368053239,17592368263272.0,110.3660652,20.0082413,110.3644194,19.9857239
198,45,pickup_p1,1493598890.0,992.0,3286.0,17592367912532,,110.3621634,19.9802002,110.3644194,19.9857239
199,45,pickup_p2,1493598900.0,3286.0,3286.0,17592367912532,17592367912532.0,110.3644194,19.9857239,110.3644194,19.9857239
200,24,pickup_p1,1493599220.0,997.0,3286.0,17592368146432,,110.3808548,19.9830621,110.3644194,19.9857239
201,54,pickup_p1,1493597010.0,2111.0,2111.0,17592367479989,,110.331644,19.9919764,110.331644,19.9919764
202,73,delivery_p1,1493599508.8947215,2111.0,2111.0,17592367883148,17592367883148.0,110.331644,19.9919764,110.331644,19.9919764
203,72,delivery_p1,1493599936.0437183,2111.0,2111.0,17592367917923,17592368083407.0,110.331644,19.9919764,110.331644,19.9919764
204,8,pickup_p1,1493597230.0,3621.0,2111.0,17592367529272,,110.3366059,19.9994198,110.331644,19.9919764
205,83,pickup_p2,1493600280.0,3621.0,2111.0,17592368280308,17592368348494.0,110.3366059,19.9994198,110.331644,19.9919764
206,78,delivery_p1,1493598387.180472,1048.0,2111.0,17592367487005,17592367549961.0,110.357566,20.0041143,110.331644,19.9919764
207,30,delivery_p1,1493598517.588514,1822.0,2111.0,17592367864526,17592367731759.0,110.3606127,20.0014586,110.331644,19.9919764
208,44,delivery_p2,1493597839.8659923,1331.0,2111.0,17592367772559,17592367620202.0,110.3388606,20.0250458,110.331644,19.9919764
209,73,delivery_p2,1493598650.0,1346.0,2111.0,17592367883148,17592367883148.0,110.3566692,20.0401091,110.331644,19.9919764
210,72,delivery_p2,1493599473.9520552,1738.0,2111.0,17592367917923,17592368083407.0,110.3092079,20.002332,110.331644,19.9919764
211,99,delivery_p2,1493599742.3831031,2195.0,2111.0,17592367974569,17592368178940.0,110.3470299,19.9982119,110.331644,19.9919764
212,8,pickup_p2,1493597420.0,2111.0,2221.0,17592367529272,17592367749736.0,110.331644,19.9919764,110.3375896,19.9934762
213,13,delivery_p1,1493597729.7153487,1048.0,2221.0,17592367588556,17592367496901.0,110.357566,20.0041143,110.3375896,19.9934762
214,6,delivery_p1,1493599932.8640697,487.0,2221.0,17592368115484,17592368042373.0,110.3368436,20.036208,110.3375896,19.9934762
215,73,pickup_p1,1493599600.0,2111.0,1058.0,17592368101216,,110.331644,19.9919764,110.3461814,19.9888816
216,83,delivery_p2,1493600407.443527,2111.0,1058.0,17592368280308,17592368348494.0,110.331644,19.9919764,110.3461814,19.9888816
217,99,delivery_p1,1493600019.710402,2111.0,3392.0,17592367974569,17592368178940.0,110.331644,19.9919764,110.3263685,20.0198658
218,88,pickup_p1,1493599880.0,40.0,3392.0,17592368029360,,110.3208265,20.0256772,110.3263685,20.0198658
219,72,pickup_p1,1493599920.0,2111.0,2113.0,17592368051789,,110.331644,19.9919764,110.3359164,19.9957182
220,21,pickup_p2,1493598320.0,3621.0,2113.0,17592367624240,17592367944463.0,110.3366059,19.9994198,110.3359164,19.9957182
221,121,pickup_p1,1493597010.0,1823.0,1823.0,17592367672015,,110.3578546,20.0006773,110.3578546,20.0006773
222,20,pickup_p2,1493597360.0,1823.0,1823.0,17592367596044,17592367596044.0,110.3578546,20.0006773,110.3578546,20.0006773
223,20,pickup_p1,1493597350.0,1822.0,1823.0,17592367596044,,110.3606127,20.0014586,110.3578546,20.0006773
224,40,pickup_p2,1493599040.0,1822.0,1823.0,17592367886899,17592367900481.0,110.3606127,20.0014586,110.3578546,20.0006773
225,88,pickup_p1,1493597400.0,1070.0,1823.0,17592367689123,,110.3565181,19.9942564,110.3578546,20.0006773
226,75,delivery_p2,1493598870.0,466.0,1823.0,17592367974552,17592367864109.0,110.3674513,19.9809043,110.3578546,20.0006773
227,20,delivery_p2,1493597360.0,1823.0,3411.0,17592367596044,17592367596044.0,110.3578546,20.0006773,110.3293273,20.0234303
228,20,delivery_p1,1493597946.6393454,3411.0,3411.0,17592367596044,17592367596044.0,110.3293273,20.0234303,110.3293273,20.0234303
229,121,"failed_ridepooling,delivery_p1",1493597610.0,1823.0,3258.0,17592367672015,,110.3578546,20.0006773,110.3758451,20.0270426
230,64,delivery_p1,1493599181.5804095,487.0,3258.0,17592368075066,17592367859635.0,110.3368436,20.036208,110.3758451,20.0270426
231,121,pickup_p1,1493599460.0,3258.0,3258.0,17592368014350,,110.3758451,20.0270426,110.3758451,20.0270426
232,88,pickup_p2,1493597850.0,1823.0,1048.0,17592367689123,17592367722812.0,110.3578546,20.0006773,110.357566,20.0041143
233,13,delivery_p2,1493597385.066089,1355.0,1048.0,17592367588556,17592367496901.0,110.3583782,20.0256168,110.357566,20.0041143
234,78,delivery_p2,1493597515.0612674,1231.0,1048.0,17592367487005,17592367549961.0,110.3447274,20.0582383,110.357566,20.0041143
235,110,delivery_p2,1493599815.16451,1078.0,1048.0,17592367982761,17592368137778.0,110.3409699,19.9883926,110.357566,20.0041143
236,24,delivery_p2,1493599316.8594277,3285.0,1048.0,17592368146432,17592367982265.0,110.3622786,19.9857893,110.357566,20.0041143
237,75,delivery_p1,1493599224.860765,1823.0,1093.0,17592367974552,17592367864109.0,110.3578546,20.0006773,110.2997898,19.9782087
238,123,delivery_p1,1493597870.4796188,1739.0,1093.0,17592367595829,17592367771470.0,110.3043869,20.004105,110.2997898,19.9782087
239,29,delivery_p1,1493598963.6639338,1746.0,1093.0,17592367825123,17592367810401.0,110.2857324,20.0033681,110.2997898,19.9782087
240,71,delivery_p2,1493599604.7087584,1069.0,1093.0,17592367958209,17592367995404.0,110.3622966,19.9907808,110.2997898,19.9782087
241,40,delivery_p2,1493599076.319704,1823.0,1782.0,17592367886899,17592367900481.0,110.3578546,20.0006773,110.3255222,20.0290188
242,4,pickup_p2,1493598040.0,1781.0,1782.0,17592367784812,17592367853816.0,110.3294064,20.0329712,110.3255222,20.0290188
243,75,pickup_p1,1493600130.0,1823.0,1050.0,17592368108745,,110.3578546,20.0006773,110.3615379,20.0018709
244,111,pickup_p1,1493597030.0,1050.0,1050.0,17592362254518,,110.3615379,20.0018709,110.3615379,20.0018709
245,6,pickup_p1,1493598870.0,412.0,1557.0,17592367817273,,110.341176,20.0472457,110.3391732,20.0516407
246,101,pickup_p2,1493598740.0,1277.0,1557.0,17592367804226,17592367817273.0,110.3347319,20.0622003,110.3391732,20.0516407
247,28,delivery_p2,1493599771.9365711,412.0,2142.0,17592367964605,17592368117871.0,110.341176,20.0472457,110.3322391,20.0157646
248,12,pickup_p1,1493597020.0,495.0,1555.0,17592367513363,,110.342064,20.0550669,110.3397274,20.0579927
249,54,pickup_p2,1493600100.0,495.0,1230.0,17592368251994,17592368112449.0,110.342064,20.0550669,110.3396865,20.0578629
250,78,pickup_p1,1493597130.0,1556.0,1230.0,17592367487005,,110.3345853,20.062167,110.3396865,20.0578629
251,41,pickup_p1,1493597020.0,423.0,77.0,17592367428040,,110.3180856,20.019546,110.3165565,20.0239289
252,35,pickup_p1,1493600080.0,1331.0,77.0,17592368148417,,110.3388606,20.0250458,110.3165565,20.0239289
253,21,pickup_p1,1493599460.0,2208.0,77.0,17592367942701,,110.333701,20.0242463,110.3165565,20.0239289
254,114,pickup_p2,1493598100.0,3410.0,77.0,17592367744901,17592367645397.0,110.3300433,20.0216407,110.3165565,20.0239289
255,91,"failed_ridepooling,delivery_p1",1493597550.0,3694.0,2326.0,17592367490350,,110.4625777,19.9416606,110.4612872,19.9849423
256,2,delivery_p1,1493598659.2721188,3694.0,3843.0,17592367692918,17592367731492.0,110.4625777,19.9416606,110.4690662,19.9439246
257,67,pickup_p1,1493599430.0,3694.0,3840.0,17592368124935,,110.4625777,19.9416606,110.4657353,19.94378
258,111,"failed_ridepooling,delivery_p1",1493600160.0,3694.0,3860.0,17592368032506,,110.4625777,19.9416606,110.4897072,19.9648452
259,52,pickup_p1,1493597030.0,1763.0,1731.0,17592367486477,,110.290178,20.0129435,110.2924575,20.0098553
260,29,pickup_p2,1493598810.0,1763.0,1746.0,17592367825123,17592367810401.0,110.290178,20.0129435,110.2857324,20.0033681
261,75,pickup_p2,1493600230.0,1050.0,1070.0,17592368108745,17592368282568.0,110.3615379,20.0018709,110.3565181,19.9942564
262,129,pickup_p2,1493598610.0,1035.0,1070.0,17592367883890,17592367776817.0,110.3671562,19.9885656,110.3565181,19.9942564
263,87,pickup_p2,1493598680.0,1596.0,1070.0,17592367822341,17592367828780.0,110.3733024,20.0022099,110.3565181,19.9942564
264,50,pickup_p1,1493597070.0,885.0,2390.0,17592367577020,,110.3293982,19.9987481,110.3242171,20.0017526
265,52,pickup_p1,1493599880.0,2234.0,2390.0,17592368031005,,110.3242048,19.9928843,110.3242171,20.0017526
266,52,pickup_p2,1493599890.0,2390.0,2390.0,17592368031005,17592368031005.0,110.3242171,20.0017526,110.3242171,20.0017526
267,66,pickup_p2,1493599490.0,2228.0,2390.0,17592368106452,17592368087334.0,110.3242209,19.999546,110.3242171,20.0017526
268,83,pickup_p1,1493597660.0,885.0,2665.0,17592367488793,,110.3293982,19.9987481,110.3407115,20.0002329
269,53,"failed_ridepooling,delivery_p1",1493599990.0,630.0,2665.0,17592368152835,,110.3366104,20.022448,110.3407115,20.0002329
270,0,delivery_p1,1493598684.366172,2665.0,2665.0,17592367777381,17592367777381.0,110.3407115,20.0002329,110.3407115,20.0002329
271,50,"failed_ridepooling,delivery_p1",1493597670.0,2390.0,2665.0,17592367577020,,110.3242171,20.0017526,110.3407115,20.0002329
272,4,delivery_p2,1493598112.673228,1782.0,2665.0,17592367784812,17592367853816.0,110.3255222,20.0290188,110.3407115,20.0002329
273,110,delivery_p1,1493598570.1949067,3624.0,2665.0,17592367543316,17592367644317.0,110.339226,20.0030854,110.3407115,20.0002329
274,0,delivery_p2,1493598290.0,1135.0,2665.0,17592367777381,17592367777381.0,110.3443557,19.9802217,110.3407115,20.0002329
275,72,pickup_p2,1493599930.0,2113.0,2665.0,17592368051789,17592368166093.0,110.3359164,19.9957182,110.3407115,20.0002329
276,83,pickup_p1,1493598590.0,1339.0,2665.0,17592367835887,,110.3414732,20.004383,110.3407115,20.0002329
277,58,delivery_p1,1493599063.2863054,432.0,2665.0,17592367643110,17592367835284.0,110.3377134,20.0512362,110.3407115,20.0002329
278,22,pickup_p1,1493597090.0,2190.0,1327.0,17592367434294,,110.3516221,20.0171515,110.3511178,20.0264949
279,13,pickup_p1,1493597240.0,2203.0,1327.0,17592367588556,,110.3566778,20.0204667,110.3511178,20.0264949
280,31,pickup_p2,1493599130.0,2203.0,1327.0,17592367920520,17592368054934.0,110.3566778,20.0204667,110.3511178,20.0264949
281,117,pickup_p1,1493599820.0,2211.0,1327.0,17592368144901,,110.3517103,20.0236588,110.3511178,20.0264949
282,125,delivery_p1,1493599907.8890705,496.0,1327.0,17592367992143,17592367964605.0,110.3384474,20.0541928,110.3511178,20.0264949
283,22,delivery_p1,1493597575.6170454,2190.0,3402.0,17592367434294,17592367691483.0,110.3516221,20.0171515,110.2773495,20.0155234
284,63,delivery_p1,1493597120.0,878.0,3370.0,17592367551984,17592367516492.0,110.3135356,19.9972854,110.2864787,20.0150311
285,123,pickup_p2,1493599120.0,878.0,3295.0,17592367845761,17592368050594.0,110.3135356,19.9972854,110.3207849,20.0059378
286,55,pickup_p2,1493599310.0,79.0,3295.0,17592367996527,17592368092667.0,110.3105516,20.0252305,110.3207849,20.0059378
287,15,pickup_p1,1493597740.0,64.0,3295.0,17592367746706,,110.3233426,20.0078761,110.3207849,20.0059378
288,63,delivery_p2,1493597664.732448,3370.0,794.0,17592367551984,17592367516492.0,110.2864787,20.0150311,110.2838356,20.0212125
289,74,pickup_p2,1493597960.0,1556.0,431.0,17592367623523,17592367784292.0,110.3345853,20.062167,110.3360778,20.0508546
290,58,pickup_p1,1493599890.0,432.0,431.0,17592368172794,,110.3377134,20.0512362,110.3360778,20.0508546
291,114,pickup_p1,1493597130.0,1348.0,1344.0,17592367523278,,110.3538777,20.0403448,110.3558049,20.0400177
292,114,pickup_p2,1493597140.0,1344.0,1344.0,17592367523278,17592367523278.0,110.3558049,20.0400177,110.3558049,20.0400177
293,96,delivery_p1,1493598331.1225312,1348.0,1067.0,17592367709776,17592367621202.0,110.3538777,20.0403448,110.3526802,19.9896558
294,130,delivery_p2,1493598555.3136556,1348.0,532.0,17592367852303,17592367674373.0,110.3538777,20.0403448,110.35944,20.0221353
295,105,delivery_p2,1493597960.3999417,1020.0,532.0,17592367508733,17592367592649.0,110.3716449,20.0065367,110.35944,20.0221353
296,119,delivery_p2,1493599517.8439667,1348.0,1332.0,17592367914593,17592367892617.0,110.3538777,20.0403448,110.3368701,20.0273142
297,25,delivery_p2,1493599425.2974274,1286.0,1332.0,17592367923110,17592367935186.0,110.3324704,20.0407216,110.3368701,20.0273142
298,114,delivery_p2,1493597140.0,1344.0,120.0,17592367523278,17592367523278.0,110.3558049,20.0400177,110.3255519,20.02381
299,114,delivery_p1,1493597778.949017,120.0,120.0,17592367523278,17592367523278.0,110.3255519,20.02381,110.3255519,20.02381
300,28,pickup_p1,1493597140.0,2652.0,1570.0,17592367439648,,110.3567861,20.068738,110.3625338,20.0699965
301,43,pickup_p1,1493597140.0,633.0,630.0,17592367680990,,110.3416302,20.0223599,110.3366104,20.022448
302,103,delivery_p2,1493597934.9597647,860.0,630.0,17592367590465,17592367778863.0,110.2901851,19.9815014,110.3366104,20.022448
303,53,pickup_p1,1493599450.0,2156.0,630.0,17592368152835,,110.3386804,20.0190899,110.3366104,20.022448
304,130,delivery_p2,1493599680.5000956,2649.0,630.0,17592368103500,17592368109862.0,110.3518319,20.0219707,110.3366104,20.022448
305,69,pickup_p1,1493597640.0,633.0,1761.0,17592367768658,,110.3416302,20.0223599,110.3337684,20.0241842
306,44,pickup_p2,1493597780.0,633.0,1331.0,17592367772559,17592367620202.0,110.3416302,20.0223599,110.3388606,20.0250458
307,125,delivery_p2,1493598125.933451,35.0,1331.0,17592367671090,17592367588092.0,110.3228425,20.0212155,110.3388606,20.0250458
308,35,delivery_p2,1493599340.0,803.0,1331.0,17592368164050,17592368164050.0,110.2900341,20.0125741,110.3388606,20.0250458
309,79,"failed_ridepooling,delivery_p1",1493597600.0,2659.0,1331.0,17592367524423,,110.3661124,20.0083754,110.3388606,20.0250458
310,69,delivery_p2,1493599605.0936427,1182.0,1331.0,17592368051732,17592367944339.0,110.3427796,20.0525396,110.3388606,20.0250458
311,35,delivery_p1,1493600071.145429,1331.0,1331.0,17592368164050,17592368164050.0,110.3388606,20.0250458,110.3388606,20.0250458
312,97,delivery_p1,1493599406.327973,1280.0,1331.0,17592367899265,17592368062027.0,110.3334018,20.0405368,110.3388606,20.0250458
313,11,pickup_p1,1493600330.0,2213.0,1331.0,17592368350050,,110.346849,20.0235265,110.3388606,20.0250458
314,114,pickup_p1,1493598090.0,120.0,3410.0,17592367744901,,110.3255519,20.02381,110.3300433,20.0216407
315,13,pickup_p2,1493597250.0,1327.0,1355.0,17592367588556,17592367496901.0,110.3511178,20.0264949,110.3583782,20.0256168
316,13,pickup_p1,1493598060.0,1355.0,1355.0,17592367724228,,110.3583782,20.0256168,110.3583782,20.0256168
317,57,delivery_p1,1493599856.7365973,3290.0,1355.0,17592368003908,17592368014405.0,110.3622935,19.9877523,110.3583782,20.0256168
318,19,"failed_ridepooling,delivery_p1",1493598210.0,1741.0,1355.0,17592367620355,,110.2957232,20.0033794,110.3583782,20.0256168
319,97,pickup_p1,1493600050.0,438.0,1355.0,17592368127779,,110.3646407,20.0186368,110.3583782,20.0256168
320,22,pickup_p2,1493597450.0,1327.0,2190.0,17592367434294,17592367691483.0,110.3511178,20.0264949,110.3516221,20.0171515
321,31,delivery_p1,1493599268.060785,1327.0,39.0,17592367920520,17592368054934.0,110.3511178,20.0264949,110.3205839,20.0249388
322,125,delivery_p2,1493600486.246228,1327.0,883.0,17592367992143,17592367964605.0,110.3511178,20.0264949,110.324259,19.9971729
323,95,pickup_p2,1493598940.0,2234.0,883.0,17592367901650,17592367865933.0,110.3242048,19.9928843,110.324259,19.9971729
324,28,delivery_p1,1493600336.195092,2142.0,883.0,17592367964605,17592368117871.0,110.3322391,20.0157646,110.324259,19.9971729
325,117,pickup_p2,1493599850.0,1327.0,2209.0,17592368144901,17592368065321.0,110.3511178,20.0264949,110.3544666,20.0234281
326,68,pickup_p1,1493597250.0,1453.0,1750.0,17592367552093,,110.2620563,20.0054437,110.2678435,20.0042058
327,95,"failed_ridepooling,delivery_p1",1493598020.0,1453.0,2234.0,17592367747964,,110.2620563,20.0054437,110.3242048,19.9928843
328,52,delivery_p2,1493597613.791576,803.0,2234.0,17592367486477,17592367610328.0,110.2900341,20.0125741,110.3242048,19.9928843
329,95,pickup_p1,1493598920.0,2234.0,2234.0,17592367901650,,110.3242048,19.9928843,110.3242048,19.9928843
330,76,pickup_p1,1493597250.0,1342.0,1343.0,17592367541963,,110.3623881,20.0295795,110.3623926,20.0295238
331,96,pickup_p1,1493597650.0,1342.0,2393.0,17592367709776,,110.3623881,20.0295795,110.3676773,20.0289558
332,105,pickup_p1,1493597250.0,376.0,3190.0,17592367508733,,110.3824824,19.9843319,110.377264,19.990484
333,13,"failed_ridepooling,delivery_p1",1493598360.0,1355.0,2404.0,17592367724228,,110.3583782,20.0256168,110.3352008,20.0311554
334,4,delivery_p2,1493599739.6016965,2388.0,2404.0,17592367835836,17592368076802.0,110.3342027,20.0284848,110.3352008,20.0311554
335,14,pickup_p1,1493599330.0,2220.0,2404.0,17592368083259,,110.3374218,20.031768,110.3352008,20.0311554
336,83,delivery_p2,1493599145.4792523,2666.0,2404.0,17592367835887,17592368076802.0,110.3424934,19.9997167,110.3352008,20.0311554
337,19,pickup_p1,1493599330.0,1355.0,3263.0,17592368095574,,110.3583782,20.0256168,110.3770576,20.0253071
338,57,delivery_p2,1493600522.6733074,1355.0,1580.0,17592368003908,17592368014405.0,110.3583782,20.0256168,110.346009,20.0480325
339,58,delivery_p2,1493600055.7365034,2358.0,1580.0,17592368172794,17592368142731.0,110.3466752,20.0534517,110.346009,20.0480325
340,24,delivery_p1,1493599693.781459,1048.0,1785.0,17592368146432,17592367982265.0,110.357566,20.0041143,110.3211857,20.0259332
341,120,delivery_p1,1493598316.5720506,1431.0,1785.0,17592367759643,17592367613557.0,110.2982154,20.0320665,110.3211857,20.0259332
342,49,"failed_ridepooling,delivery_p1",1493600050.0,877.0,1785.0,17592368157596,,110.309205,19.9971715,110.3211857,20.0259332
343,98,pickup_p2,1493600290.0,78.0,1785.0,17592368119069,17592368275311.0,110.3150659,20.0242176,110.3211857,20.0259332
344,110,delivery_p1,1493600196.319074,1048.0,2127.0,17592367982761,17592368137778.0,110.357566,20.0041143,110.3782511,19.986373
345,24,pickup_p1,1493600380.0,1048.0,1061.0,17592368117681,,110.357566,20.0041143,110.3695319,19.9916222
346,59,pickup_p1,1493597260.0,3437.0,3437.0,17592367534093,,110.4032877,20.0185729,110.4032877,20.0185729
347,59,pickup_p2,1493597270.0,3437.0,3437.0,17592367534093,17592367534093.0,110.4032877,20.0185729,110.4032877,20.0185729
348,109,delivery_p2,1493599086.1531909,131.0,3437.0,17592367818974,17592367902353.0,110.352186,20.0310511,110.4032877,20.0185729
349,59,delivery_p2,1493597270.0,3437.0,3644.0,17592367534093,17592367534093.0,110.4032877,20.0185729,110.2654616,19.9852368
350,59,delivery_p1,1493599345.179438,3644.0,3644.0,17592367534093,17592367534093.0,110.2654616,19.9852368,110.2654616,19.9852368
351,5,pickup_p1,1493597270.0,3308.0,3308.0,17592367533191,,110.3131939,20.0065213,110.3131939,20.0065213
352,5,"failed_ridepooling,delivery_p1",1493597870.0,3308.0,2386.0,17592367533191,,110.3131939,20.0065213,110.2350465,20.0368094
353,66,delivery_p2,1493600310.0,860.0,2386.0,17592368277396,17592368228261.0,110.2901851,19.9815014,110.2350465,20.0368094
354,87,delivery_p1,1493600085.5680597,1773.0,2386.0,17592367822341,17592367828780.0,110.298201,20.0221929,110.2350465,20.0368094
355,5,pickup_p1,1493599920.0,2386.0,2386.0,17592368272995,,110.2350465,20.0368094,110.2350465,20.0368094
356,5,pickup_p2,1493599930.0,2386.0,2386.0,17592368272995,17592368272995.0,110.2350465,20.0368094,110.2350465,20.0368094
357,66,delivery_p1,1493601571.6751387,2386.0,2386.0,17592368277396,17592368228261.0,110.2350465,20.0368094,110.2350465,20.0368094
358,59,pickup_p1,1493599470.0,3644.0,678.0,17592367940676,,110.2654616,19.9852368,110.2678264,19.9981718
359,37,pickup_p1,1493597280.0,604.0,604.0,17592367692218,,110.3766748,20.0297118,110.3766748,20.0297118
360,125,delivery_p1,1493597326.8330617,2679.0,35.0,17592367671090,17592367588092.0,110.2803676,19.9933808,110.3228425,20.0212155
361,30,delivery_p1,1493600509.8356192,3307.0,35.0,17592367917274,17592368030885.0,110.3228845,20.010913,110.3228425,20.0212155
362,2,pickup_p1,1493597310.0,3508.0,3508.0,17592367692918,,110.4360475,19.964903,110.4360475,19.964903
363,47,pickup_p2,1493598600.0,3508.0,3508.0,17592367952960,17592367952960.0,110.4360475,19.964903,110.4360475,19.964903
364,47,pickup_p1,1493598590.0,1140.0,3508.0,17592367952960,,110.4312294,19.9695234,110.4360475,19.964903
365,2,pickup_p2,1493597850.0,3508.0,1138.0,17592367692918,17592367731492.0,110.4360475,19.964903,110.4350106,19.9661221
366,47,delivery_p2,1493598600.0,3508.0,477.0,17592367952960,17592367952960.0,110.4360475,19.964903,110.3452632,20.0307648
367,103,delivery_p1,1493598994.8210597,630.0,477.0,17592367590465,17592367778863.0,110.3366104,20.022448,110.3452632,20.0307648
368,34,delivery_p2,1493598376.7995536,1283.0,477.0,17592367946002,17592367701965.0,110.3323418,20.040324,110.3452632,20.0307648
369,47,delivery_p1,1493600338.0706177,477.0,477.0,17592367952960,17592367952960.0,110.3452632,20.0307648,110.3452632,20.0307648
370,63,"failed_ridepooling,delivery_p1",1493598880.0,827.0,477.0,17592367819835,,110.2770226,20.0156193,110.3452632,20.0307648
371,112,pickup_p1,1493597340.0,2330.0,2330.0,17592367542850,,110.4728753,19.9839538,110.4728753,19.9839538
372,2,delivery_p2,1493599565.1010604,1140.0,2330.0,17592367980928,17592368153898.0,110.4312294,19.9695234,110.4728753,19.9839538
373,2,delivery_p1,1493600160.1260304,2330.0,1993.0,17592367980928,17592368153898.0,110.4728753,19.9839538,110.4918132,19.9859625
374,20,pickup_p1,1493598070.0,3411.0,634.0,17592367643749,,110.3293273,20.0234303,110.3469261,20.022125
375,79,pickup_p1,1493598330.0,1331.0,634.0,17592367787665,,110.3388606,20.0250458,110.3469261,20.022125
376,79,pickup_p2,1493598730.0,634.0,634.0,17592367787665,17592367907194.0,110.3469261,20.022125,110.3469261,20.022125
377,67,pickup_p1,1493597370.0,2697.0,2803.0,17592360216531,,110.3493853,19.9186334,110.322801,19.9186544
378,67,pickup_p2,1493597380.0,2803.0,2803.0,17592360216531,17592360216531.0,110.322801,19.9186544,110.322801,19.9186544
379,8,delivery_p1,1493599836.2469776,479.0,1363.0,17592367948960,17592368048043.0,110.3449993,20.0311155,110.356753,20.0390648
380,70,pickup_p1,1493597380.0,487.0,1286.0,17592367537052,,110.3368436,20.036208,110.3324704,20.0407216
381,25,pickup_p2,1493599340.0,487.0,1286.0,17592367923110,17592367935186.0,110.3368436,20.036208,110.3324704,20.0407216
382,72,delivery_p1,1493598792.5978563,487.0,3296.0,17592367801490,17592367960860.0,110.3368436,20.036208,110.3261895,20.0103863
383,34,pickup_p2,1493600100.0,487.0,487.0,17592368196777,17592368196777.0,110.3368436,20.036208,110.3368436,20.036208
384,64,pickup_p2,1493599070.0,2388.0,487.0,17592368075066,17592367859635.0,110.3342027,20.0284848,110.3368436,20.036208
385,72,pickup_p2,1493598710.0,2220.0,487.0,17592367801490,17592367960860.0,110.3374218,20.031768,110.3368436,20.036208
386,25,pickup_p1,1493598980.0,2220.0,487.0,17592367923110,,110.3374218,20.031768,110.3368436,20.036208
387,6,pickup_p2,1493599750.0,178.0,487.0,17592368115484,17592368042373.0,110.3282799,20.0430948,110.3368436,20.036208
388,34,pickup_p1,1493600090.0,1279.0,487.0,17592368196777,,110.3331478,20.0404807,110.3368436,20.036208
389,34,delivery_p2,1493600100.0,487.0,3025.0,17592368196777,17592368196777.0,110.3368436,20.036208,110.39479,19.9634173
390,34,delivery_p1,1493601565.327517,3025.0,3025.0,17592368196777,17592368196777.0,110.39479,19.9634173,110.39479,19.9634173
391,49,pickup_p1,1493598330.0,1085.0,2245.0,17592367767705,,110.3443467,19.9804333,110.3269156,19.9853225
392,30,pickup_p1,1493599340.0,2243.0,2245.0,17592367917274,,110.3274836,19.9771667,110.3269156,19.9853225
393,49,pickup_p2,1493598530.0,2245.0,2245.0,17592367767705,17592367817354.0,110.3269156,19.9853225,110.3269156,19.9853225
394,54,pickup_p1,1493598420.0,1085.0,990.0,17592367717357,,110.3443467,19.9804333,110.3461227,19.9802181
395,82,delivery_p1,1493599391.478082,1085.0,3628.0,17592367790339,17592367946204.0,110.3443467,19.9804333,110.295395,19.9622745
396,127,"failed_ridepooling,delivery_p1",1493598230.0,865.0,3628.0,17592367605641,,110.2944045,19.9974953,110.295395,19.9622745
397,3,delivery_p2,1493601248.5743482,2400.0,3628.0,17592368204329,17592368299170.0,110.3620642,20.0102822,110.295395,19.9622745
398,8,pickup_p2,1493598950.0,1085.0,1133.0,17592367948960,17592368048043.0,110.3443467,19.9804333,110.337474,19.9805445
399,44,"failed_ridepooling,delivery_p1",1493599120.0,1085.0,892.0,17592367829815,,110.3443467,19.9804333,110.2973224,20.017214
400,129,pickup_p2,1493599170.0,1085.0,2692.0,17592367996844,17592367930927.0,110.3443467,19.9804333,110.3380385,19.9842786
401,29,pickup_p2,1493599740.0,2243.0,2692.0,17592367992741,17592368040570.0,110.3274836,19.9771667,110.3380385,19.9842786
402,112,pickup_p1,1493599840.0,1078.0,2692.0,17592368040570,,110.3409699,19.9883926,110.3380385,19.9842786
403,41,"failed_ridepooling,delivery_p1",1493599210.0,1321.0,2692.0,17592367905980,,110.3521833,20.0311926,110.3380385,19.9842786
404,80,delivery_p1,1493599870.689392,1085.0,2697.0,17592367794628,17592368104163.0,110.3443467,19.9804333,110.3493853,19.9186334
405,25,delivery_p1,1493599671.4696753,1332.0,2697.0,17592367923110,17592367935186.0,110.3368701,20.0273142,110.3493853,19.9186334
406,104,pickup_p2,1493599480.0,1085.0,1077.0,17592367984808,17592368010477.0,110.3443467,19.9804333,110.3453365,19.988906
407,30,delivery_p2,1493599880.4200692,1085.0,3307.0,17592367917274,17592368030885.0,110.3443467,19.9804333,110.3228845,20.010913
408,18,pickup_p1,1493597400.0,1016.0,1016.0,17592367608370,,110.379938,20.0217772,110.379938,20.0217772
409,18,pickup_p2,1493597410.0,1016.0,1016.0,17592367608370,17592367608370.0,110.379938,20.0217772,110.379938,20.0217772
410,31,pickup_p1,1493598140.0,3664.0,1016.0,17592367859294,,110.3732897,20.0120743,110.379938,20.0217772
411,18,delivery_p2,1493597410.0,1016.0,132.0,17592367608370,17592367608370.0,110.379938,20.0217772,110.3544401,20.0292385
412,18,delivery_p1,1493597828.2007933,132.0,132.0,17592367608370,17592367608370.0,110.3544401,20.0292385,110.3544401,20.0292385
413,31,pickup_p2,1493598150.0,1016.0,1364.0,17592367859294,17592367642389.0,110.379938,20.0217772,110.3693147,20.0235072
414,87,delivery_p2,1493599036.8861573,1070.0,1773.0,17592367822341,17592367828780.0,110.3565181,19.9942564,110.298201,20.0221929
415,108,pickup_p1,1493598200.0,1773.0,1773.0,17592367859852,,110.298201,20.0221929,110.298201,20.0221929
416,129,delivery_p1,1493600273.8686895,1773.0,1773.0,17592367996844,17592367930927.0,110.298201,20.0221929,110.298201,20.0221929
417,107,pickup_p1,1493599170.0,892.0,1773.0,17592368099096,,110.2973224,20.017214,110.298201,20.0221929
418,129,delivery_p2,1493599291.066269,2692.0,1773.0,17592367996844,17592367930927.0,110.3380385,19.9842786,110.298201,20.0221929
419,131,pickup_p1,1493597410.0,1557.0,493.0,17592367591768,,110.3391732,20.0516407,110.3480568,20.0565399
420,28,"failed_ridepooling,delivery_p1",1493597610.0,1570.0,493.0,17592367439648,,110.3625338,20.0699965,110.3480568,20.0565399
421,101,delivery_p2,1493598909.7643106,1557.0,1280.0,17592367804226,17592367817273.0,110.3391732,20.0516407,110.3334018,20.0405368
422,6,"failed_ridepooling,delivery_p1",1493599350.0,1557.0,1280.0,17592367817273,,110.3391732,20.0516407,110.3334018,20.0405368
423,85,delivery_p1,1493598801.3101404,539.0,1280.0,17592367699325,17592367947932.0,110.3567038,20.0357216,110.3334018,20.0405368
424,33,pickup_p1,1493598860.0,177.0,1280.0,17592367961219,,110.3280866,20.0430644,110.3334018,20.0405368
425,34,pickup_p1,1493598350.0,490.0,1280.0,17592367946002,,110.3356261,20.0343245,110.3334018,20.0405368
426,124,delivery_p1,1493600599.7098014,1280.0,1280.0,17592368101617,17592368101617.0,110.3334018,20.0405368,110.3334018,20.0405368
427,10,pickup_p1,1493598860.0,1573.0,1280.0,17592367867825,,110.328087,20.043157,110.3334018,20.0405368
428,97,pickup_p2,1493599250.0,1574.0,1280.0,17592367899265,17592368062027.0,110.3247685,20.0427159,110.3334018,20.0405368
429,89,delivery_p2,1493600013.802499,1362.0,1280.0,17592368251488,17592368198940.0,110.355472,20.0500908,110.3334018,20.0405368
430,124,delivery_p2,1493600130.0,592.0,1280.0,17592368101617,17592368101617.0,110.3623617,20.047,110.3334018,20.0405368
431,18,pickup_p1,1493600350.0,132.0,1350.0,17592368125137,,110.3544401,20.0292385,110.358656,20.0403652
432,85,pickup_p1,1493597430.0,539.0,1350.0,17592367703003,,110.3567038,20.0357216,110.358656,20.0403652
433,18,pickup_p2,1493600360.0,1350.0,1350.0,17592368125137,17592368136445.0,110.358656,20.0403652,110.358656,20.0403652
434,89,pickup_p2,1493598600.0,535.0,1350.0,17592367745149,17592367804398.0,110.355848,20.04367,110.358656,20.0403652
435,95,pickup_p1,1493597420.0,1748.0,1453.0,17592367747964,,110.2806238,20.0035368,110.2620563,20.0054437
436,68,delivery_p2,1493597760.7521052,1748.0,803.0,17592367552093,17592367706424.0,110.2806238,20.0035368,110.2900341,20.0125741
437,52,pickup_p2,1493597560.0,1731.0,803.0,17592367486477,17592367610328.0,110.2924575,20.0098553,110.2900341,20.0125741
438,35,pickup_p2,1493599340.0,803.0,803.0,17592368164050,17592368164050.0,110.2900341,20.0125741,110.2900341,20.0125741
439,38,"failed_ridepooling,delivery_p1",1493597600.0,121.0,803.0,17592367575182,,110.3322513,20.0167634,110.2900341,20.0125741
440,35,pickup_p1,1493599330.0,1770.0,803.0,17592368164050,,110.2901767,20.0202475,110.2900341,20.0125741
441,37,delivery_p1,1493601182.8728547,2388.0,803.0,17592368189309,17592368445867.0,110.3342027,20.0284848,110.2900341,20.0125741
442,42,"failed_ridepooling,delivery_p1",1493598740.0,2208.0,803.0,17592367642804,,110.333701,20.0242463,110.2900341,20.0125741
443,66,delivery_p1,1493600052.9919264,864.0,803.0,17592368106452,17592368087334.0,110.2901696,19.9935906,110.2900341,20.0125741
444,8,delivery_p1,1493597558.157444,2221.0,75.0,17592367529272,17592367749736.0,110.3375896,19.9934762,110.3276579,20.0262959
445,55,pickup_p2,1493598450.0,424.0,75.0,17592367775746,17592367944959.0,110.3182843,20.018609,110.3276579,20.0262959
446,6,delivery_p2,1493600577.0713582,2221.0,1817.0,17592368115484,17592368042373.0,110.3375896,19.9934762,110.3400783,19.9603678
447,81,"failed_ridepooling,delivery_p1",1493597580.0,1078.0,1817.0,17592367471561,,110.3409699,19.9883926,110.3400783,19.9603678
448,76,delivery_p1,1493600557.2553189,2112.0,1817.0,17592367901287,17592368000744.0,110.3344481,19.9944457,110.3400783,19.9603678
449,8,delivery_p2,1493598028.6457798,75.0,1184.0,17592367529272,17592367749736.0,110.3276579,20.0262959,110.3221053,20.0635442
450,55,delivery_p2,1493598628.250502,75.0,3621.0,17592367775746,17592367944959.0,110.3276579,20.0262959,110.3366059,19.9994198
451,21,pickup_p1,1493597870.0,2143.0,3621.0,17592367624240,,110.3322275,20.0104305,110.3366059,19.9994198
452,83,pickup_p1,1493600130.0,2666.0,3621.0,17592368280308,,110.3424934,19.9997167,110.3366059,19.9994198
453,24,"failed_ridepooling,delivery_p1",1493597420.0,2243.0,997.0,17592367653395,,110.3274836,19.9771667,110.3808548,19.9830621
454,57,delivery_p2,1493597890.0,2243.0,1071.0,17592367589354,17592367845531.0,110.3274836,19.9771667,110.353014,19.9990498
455,94,delivery_p2,1493599056.0804286,1587.0,1071.0,17592367825383,17592368057646.0,110.3700063,20.0068108,110.353014,19.9990498
456,27,delivery_p1,1493600408.4573123,2243.0,1748.0,17592368251626,17592368160265.0,110.3274836,19.9771667,110.2806238,20.0035368
457,68,pickup_p2,1493597600.0,1750.0,1748.0,17592367552093,17592367706424.0,110.2678435,20.0042058,110.2806238,20.0035368
458,85,pickup_p2,1493597440.0,1350.0,1351.0,17592367703003,17592367611175.0,110.358656,20.0403652,110.3643214,20.0407532
459,85,pickup_p1,1493598440.0,1351.0,1351.0,17592367699325,,110.3643214,20.0407532,110.3643214,20.0407532
460,89,delivery_p2,1493598676.6283736,1350.0,3384.0,17592367745149,17592367804398.0,110.358656,20.0403652,110.3470893,20.0160186
461,11,delivery_p2,1493598613.185102,187.0,3384.0,17592367699772,17592367729368.0,110.3380713,20.0324718,110.3470893,20.0160186
462,18,delivery_p2,1493600360.0,1350.0,2431.0,17592368125137,17592368136445.0,110.358656,20.0403652,110.3501781,20.054303
463,122,pickup_p1,1493597440.0,1739.0,3300.0,17592367745231,,110.3043869,20.004105,110.3077774,20.0095656
464,46,delivery_p1,1493599359.7892892,1066.0,3300.0,17592367777656,17592367972794.0,110.3524365,19.9897543,110.3077774,20.0095656
465,85,delivery_p1,1493597511.962374,1351.0,128.0,17592367703003,17592367611175.0,110.3643214,20.0407532,110.3466209,20.034099
466,100,pickup_p1,1493599630.0,2388.0,128.0,17592368109960,,110.3342027,20.0284848,110.3466209,20.034099
467,85,pickup_p2,1493598640.0,1351.0,539.0,17592367699325,17592367947932.0,110.3643214,20.0407532,110.3567038,20.0357216
468,85,delivery_p2,1493597926.7124918,128.0,2220.0,17592367703003,17592367611175.0,110.3466209,20.034099,110.3374218,20.031768
469,72,pickup_p1,1493598240.0,2218.0,2220.0,17592367801490,,110.3401534,20.0289451,110.3374218,20.031768
470,14,delivery_p2,1493598499.767511,489.0,2220.0,17592367785991,17592367735999.0,110.3334693,20.0403701,110.3374218,20.031768
471,25,"failed_ridepooling,delivery_p1",1493598510.0,777.0,2220.0,17592367848919,,110.3106963,20.0321502,110.3374218,20.031768
472,100,"failed_ridepooling,delivery_p1",1493600150.0,128.0,1186.0,17592368109960,,110.3466209,20.034099,110.3294446,20.0637925
473,78,pickup_p2,1493597450.0,1230.0,1231.0,17592367487005,17592367549961.0,110.3396865,20.0578629,110.3447274,20.0582383
474,28,pickup_p1,1493598130.0,493.0,1231.0,17592367790374,,110.3480568,20.0565399,110.3447274,20.0582383
475,54,delivery_p1,1493600164.0363564,1230.0,2145.0,17592368251994,17592368112449.0,110.3396865,20.0578629,110.341232,20.0134608
476,22,delivery_p2,1493598538.090572,3402.0,2762.0,17592367434294,17592367691483.0,110.2773495,20.0155234,110.2594221,19.9321078
477,28,pickup_p2,1493598440.0,1231.0,1182.0,17592367790374,17592367821267.0,110.3447274,20.0582383,110.3427796,20.0525396
478,10,delivery_p2,1493597649.8807192,1269.0,1182.0,17592367615270,17592367601303.0,110.3258279,20.0428344,110.3427796,20.0525396
479,70,pickup_p2,1493600340.0,1182.0,1182.0,17592368273795,17592368140985.0,110.3427796,20.0525396,110.3427796,20.0525396
480,69,pickup_p2,1493599430.0,1178.0,1182.0,17592368051732,17592367944339.0,110.3389153,20.0651414,110.3427796,20.0525396
481,86,delivery_p2,1493600380.0,2631.0,1182.0,17592368043437,17592368287795.0,110.3391423,20.0783624,110.3427796,20.0525396
482,70,pickup_p1,1493600330.0,1285.0,1182.0,17592368273795,,110.3329459,20.0408076,110.3427796,20.0525396
483,78,pickup_p1,1493598880.0,1231.0,2641.0,17592367830619,,110.3447274,20.0582383,110.3451315,20.0710568
484,103,pickup_p1,1493597480.0,1096.0,1095.0,17592367590465,,110.2817039,19.9781657,110.2944165,19.9781804
485,9,"failed_ridepooling,delivery_p1",1493597480.0,1547.0,1311.0,17592367660291,,110.3376891,20.0710574,110.3491566,20.0418032
486,76,pickup_p1,1493598780.0,1547.0,1304.0,17592367901287,,110.3376891,20.0710574,110.3193237,20.0676498
487,125,pickup_p1,1493599480.0,1547.0,2634.0,17592367992143,,110.3376891,20.0710574,110.3334344,20.0750017
488,3,pickup_p1,1493600250.0,1547.0,2359.0,17592368204329,,110.3376891,20.0710574,110.3436598,20.0620695
489,51,"failed_ridepooling,delivery_p1",1493597480.0,3206.0,1068.0,17592367561064,,110.2739166,19.9838259,110.3601296,19.9905221
490,37,delivery_p2,1493598347.119477,1382.0,686.0,17592367692218,17592367755876.0,110.3214524,20.0334191,110.2899617,19.9976185
491,56,pickup_p1,1493600340.0,1382.0,2363.0,17592368208038,,110.3214524,20.0334191,110.3185785,20.0290831
492,118,"failed_ridepooling,delivery_p1",1493597540.0,3223.0,2363.0,17592367663682,,110.2944066,19.9998084,110.3185785,20.0290831
493,85,pickup_p1,1493599640.0,291.0,2363.0,17592368171996,,110.3157988,20.0276965,110.3185785,20.0290831
494,43,pickup_p2,1493597510.0,630.0,2215.0,17592367680990,17592367750160.0,110.3366104,20.022448,110.3337647,20.0211916
495,11,pickup_p1,1493597510.0,1213.0,1567.0,17592367699772,,110.3257251,20.0639415,110.3258981,20.0639458
496,76,delivery_p2,1493599427.9287238,1213.0,2112.0,17592367901287,17592368000744.0,110.3257251,20.0639415,110.3344481,19.9944457
497,43,delivery_p1,1493597964.8976724,776.0,1179.0,17592367680990,17592367750160.0,110.315605,20.0349936,110.3402698,20.0610193
498,54,delivery_p2,1493599622.183752,776.0,411.0,17592367717357,17592367888320.0,110.315605,20.0349936,110.3412394,20.0469946
499,92,pickup_p1,1493597540.0,3589.0,2689.0,17592367753731,,110.1915533,20.0592676,110.1887184,20.0567895
500,98,pickup_p2,1493597550.0,81.0,79.0,17592367581362,17592367708878.0,110.3058475,20.0262806,110.3105516,20.0252305
501,55,pickup_p1,1493599230.0,164.0,79.0,17592367996527,,110.3262532,20.0243238,110.3105516,20.0252305
502,32,pickup_p2,1493600000.0,3290.0,3287.0,17592368260459,17592368137380.0,110.3622935,19.9877523,110.365902,19.985744
503,98,delivery_p2,1493597610.6156306,79.0,2143.0,17592367581362,17592367708878.0,110.3105516,20.0252305,110.3322275,20.0104305
504,79,pickup_p1,1493599730.0,2146.0,2143.0,17592368112916,,110.3412688,20.0137974,110.3322275,20.0104305
505,68,pickup_p2,1493599710.0,116.0,2143.0,17592368034231,17592368168638.0,110.3316762,20.0261705,110.3322275,20.0104305
506,98,pickup_p1,1493600280.0,79.0,78.0,17592368119069,,110.3105516,20.0252305,110.3150659,20.0242176
507,35,pickup_p2,1493600200.0,77.0,78.0,17592368148417,17592368071861.0,110.3165565,20.0239289,110.3150659,20.0242176
508,68,delivery_p1,1493597971.6760805,803.0,461.0,17592367552093,17592367706424.0,110.2900341,20.0125741,110.3354183,20.0084362
509,38,pickup_p1,1493598290.0,803.0,824.0,17592367642599,,110.2900341,20.0125741,110.2818217,20.0093298
510,66,pickup_p1,1493598130.0,823.0,824.0,17592367675977,,110.2871884,20.0093471,110.2818217,20.0093298
511,1,"failed_ridepooling,delivery_p1",1493599650.0,3348.0,824.0,17592367967606,,110.265418,19.9655829,110.2818217,20.0093298
512,68,pickup_p1,1493598770.0,803.0,1740.0,17592367809999,,110.2900341,20.0125741,110.2978997,20.0033891
513,32,delivery_p1,1493600071.6509078,3287.0,1740.0,17592368260459,17592368137380.0,110.365902,19.985744,110.2978997,20.0033891
514,42,pickup_p1,1493599400.0,803.0,3221.0,17592367958641,,110.2900341,20.0125741,110.2981517,20.0081146
515,52,delivery_p1,1493598276.2418635,2234.0,3492.0,17592367486477,17592367610328.0,110.3242048,19.9928843,110.4107703,20.0495148
516,64,pickup_p1,1493597580.0,3571.0,3571.0,17592367686503,,110.3545553,20.0743586,110.3545553,20.0743586
517,30,"failed_ridepooling,delivery_p1",1493597590.0,194.0,2400.0,17592367569051,,110.3432178,20.0358849,110.3620642,20.0102822
518,30,pickup_p1,1493598310.0,2400.0,2400.0,17592367864526,,110.3620642,20.0102822,110.3620642,20.0102822
519,56,"failed_ridepooling,delivery_p1",1493599040.0,133.0,2400.0,17592367720933,,110.3550341,20.0284767,110.3620642,20.0102822
520,84,"failed_ridepooling,delivery_p1",1493599540.0,3863.0,2400.0,17592367846909,,110.3162431,19.9845495,110.3620642,20.0102822
521,3,delivery_p1,1493600502.4357576,2358.0,2400.0,17592368204329,17592368299170.0,110.3466752,20.0534517,110.3620642,20.0102822
522,60,pickup_p2,1493599220.0,1033.0,2400.0,17592368074276,17592367991408.0,110.3701145,19.9900169,110.3620642,20.0102822
523,70,delivery_p2,1493597835.1957774,194.0,3435.0,17592367537052,17592367721287.0,110.3432178,20.0358849,110.3660652,20.0082413
524,105,pickup_p2,1493599790.0,3657.0,3435.0,17592368053239,17592368263272.0,110.3750836,20.0087575,110.3660652,20.0082413
525,14,pickup_p2,1493598340.0,194.0,489.0,17592367785991,17592367735999.0,110.3432178,20.0358849,110.3334693,20.0403701
526,10,pickup_p1,1493597610.0,177.0,177.0,17592367615270,,110.3280866,20.0430644,110.3280866,20.0430644
527,10,pickup_p2,1493597620.0,177.0,1269.0,17592367615270,17592367601303.0,110.3280866,20.0430644,110.3258279,20.0428344
528,116,pickup_p2,1493598290.0,1581.0,1269.0,17592367733503,17592367804269.0,110.347458,20.0483912,110.3258279,20.0428344
529,19,pickup_p1,1493597610.0,1746.0,1741.0,17592367620355,,110.2857324,20.0033681,110.2957232,20.0033794
530,127,pickup_p1,1493597820.0,1746.0,865.0,17592367605641,,110.2857324,20.0033681,110.2944045,19.9974953
531,25,pickup_p1,1493598100.0,1269.0,777.0,17592367848919,,110.3258279,20.0428344,110.3106963,20.0321502
532,116,delivery_p1,1493598574.808035,1269.0,2043.0,17592367733503,17592367804269.0,110.3258279,20.0428344,110.1905133,20.0485749
533,10,delivery_p1,1493597949.8701432,1182.0,1198.0,17592367615270,17592367601303.0,110.3427796,20.0525396,110.3202879,20.0728187
534,88,delivery_p1,1493599141.6528108,40.0,1198.0,17592367821732,17592367886658.0,110.3208265,20.0256772,110.3202879,20.0728187
535,28,delivery_p2,1493598550.1693764,1182.0,131.0,17592367790374,17592367821267.0,110.3427796,20.0525396,110.352186,20.0310511
536,31,delivery_p2,1493598335.0300665,1364.0,131.0,17592367859294,17592367642389.0,110.3693147,20.0235072,110.352186,20.0310511
537,36,pickup_p2,1493598530.0,131.0,131.0,17592367880772,17592367880772.0,110.352186,20.0310511,110.352186,20.0310511
538,36,pickup_p1,1493598520.0,1321.0,131.0,17592367880772,,110.3521833,20.0311926,110.352186,20.0310511
539,109,pickup_p2,1493599010.0,1315.0,131.0,17592367818974,17592367902353.0,110.3570354,20.0289281,110.352186,20.0310511
540,42,"failed_ridepooling,delivery_p1",1493600260.0,3221.0,131.0,17592367958641,,110.2981517,20.0081146,110.352186,20.0310511
541,70,delivery_p1,1493600340.0,1182.0,151.0,17592368273795,17592368140985.0,110.3427796,20.0525396,110.3239963,20.0308249
542,12,"failed_ridepooling,delivery_p1",1493597620.0,1555.0,393.0,17592367513363,,110.3397274,20.0579927,110.414177,20.0576594
543,41,"failed_ridepooling,delivery_p1",1493597620.0,77.0,1322.0,17592367428040,,110.3165565,20.0239289,110.3504539,20.0324957
544,104,delivery_p2,1493600448.592275,3269.0,1322.0,17592367984808,17592368010477.0,110.3418024,20.0320787,110.3504539,20.0324957
545,114,delivery_p2,1493598347.845519,77.0,1779.0,17592367744901,17592367645397.0,110.3165565,20.0239289,110.306251,20.0263829
546,21,pickup_p2,1493599590.0,77.0,3375.0,17592367942701,17592367937873.0,110.3165565,20.0239289,110.3159148,20.0181176
547,123,pickup_p1,1493597640.0,3295.0,1737.0,17592367595829,,110.3207849,20.0059378,110.3134728,20.0022575
548,15,"failed_ridepooling,delivery_p1",1493598340.0,3295.0,3399.0,17592367746706,,110.3207849,20.0059378,110.2451681,20.0121506
549,123,delivery_p2,1493599298.4740672,3295.0,2223.0,17592367845761,17592368050594.0,110.3207849,20.0059378,110.3438273,19.9961084
550,123,pickup_p1,1493600210.0,3295.0,57.0,17592368033396,,110.3207849,20.0059378,110.3029236,20.012963
551,120,pickup_p1,1493597660.0,1752.0,1735.0,17592367759643,,110.2973518,20.0171734,110.2978197,20.0147955
552,120,pickup_p2,1493600040.0,1752.0,785.0,17592368065773,17592368053317.0,110.2973518,20.0171734,110.2978847,20.0254635
553,83,pickup_p2,1493597670.0,2665.0,3446.0,17592367488793,17592367616468.0,110.3407115,20.0002329,110.3401264,20.0074158
554,50,pickup_p1,1493598070.0,2665.0,3623.0,17592367788395,,110.3407115,20.0002329,110.3369537,20.0019502
555,0,pickup_p1,1493598670.0,2665.0,885.0,17592367893244,,110.3407115,20.0002329,110.3293982,19.9987481
556,4,pickup_p1,1493599000.0,2665.0,2193.0,17592367835836,,110.3407115,20.0002329,110.3471269,19.9958434
557,83,pickup_p2,1493599120.0,2665.0,2666.0,17592367835887,17592368076802.0,110.3407115,20.0002329,110.3424934,19.9997167
558,80,pickup_p1,1493598920.0,3624.0,2666.0,17592367794628,,110.339226,20.0030854,110.3424934,19.9997167
559,4,pickup_p2,1493599140.0,2193.0,2666.0,17592367835836,17592368076802.0,110.3471269,19.9958434,110.3424934,19.9997167
560,72,delivery_p1,1493600052.1808434,2665.0,40.0,17592368051789,17592368166093.0,110.3407115,20.0002329,110.3208265,20.0256772
561,31,delivery_p1,1493598623.1134908,131.0,40.0,17592367859294,17592367642389.0,110.352186,20.0310511,110.3208265,20.0256772
562,10,delivery_p2,1493600144.341215,2218.0,40.0,17592367933298,17592368139972.0,110.3401534,20.0289451,110.3208265,20.0256772
563,99,delivery_p1,1493598833.7736557,2693.0,40.0,17592367740291,17592367697897.0,110.336635,19.9974259,110.3208265,20.0256772
564,88,delivery_p2,1493598913.3183832,1754.0,40.0,17592367821732,17592367886658.0,110.3224961,20.0164463,110.3208265,20.0256772
565,115,"failed_ridepooling,delivery_p1",1493600390.0,3863.0,40.0,17592368175195,,110.3162431,19.9845495,110.3208265,20.0256772
566,53,pickup_p1,1493600340.0,2665.0,2196.0,17592368294512,,110.3407115,20.0002329,110.3462777,20.0013024
567,99,pickup_p1,1493599360.0,2693.0,2196.0,17592367974569,,110.336635,19.9974259,110.3462777,20.0013024
568,66,delivery_p2,1493599519.4435656,2390.0,864.0,17592368106452,17592368087334.0,110.3242171,20.0017526,110.2901696,19.9935906
569,52,delivery_p2,1493599890.0,2390.0,438.0,17592368031005,17592368031005.0,110.3242171,20.0017526,110.3646407,20.0186368
570,97,delivery_p2,1493599667.2268653,1331.0,438.0,17592367899265,17592368062027.0,110.3388606,20.0250458,110.3646407,20.0186368
571,102,delivery_p2,1493599964.2590473,1051.0,438.0,17592368077754,17592367976533.0,110.3636388,20.0001997,110.3646407,20.0186368
572,52,delivery_p1,1493600575.807922,438.0,438.0,17592368031005,17592368031005.0,110.3646407,20.0186368,110.3646407,20.0186368
573,83,delivery_p1,1493597791.5743277,3446.0,3282.0,17592367488793,17592367616468.0,110.3401264,20.0074158,110.3172049,20.0220068
574,44,pickup_p1,1493597680.0,476.0,633.0,17592367772559,,110.346802,20.0243798,110.3416302,20.0223599
575,20,pickup_p2,1493598130.0,634.0,633.0,17592367643749,17592367861756.0,110.3469261,20.022125,110.3416302,20.0223599
576,119,"failed_ridepooling,delivery_p1",1493598380.0,476.0,1354.0,17592367773506,,110.346802,20.0243798,110.3559521,20.043683
577,11,delivery_p1,1493599382.0116396,476.0,249.0,17592367901283,17592368148046.0,110.346802,20.0243798,110.3592169,20.0549485
578,130,pickup_p1,1493598020.0,248.0,249.0,17592367852303,,110.3616814,20.0579537,110.3592169,20.0549485
579,17,pickup_p1,1493597690.0,807.0,807.0,17592367720243,,110.2894274,20.0262339,110.2894274,20.0262339
580,17,pickup_p2,1493597710.0,807.0,1770.0,17592367720243,17592367607217.0,110.2894274,20.0262339,110.2901767,20.0202475
581,105,pickup_p2,1493597710.0,3190.0,1020.0,17592367508733,17592367592649.0,110.377264,19.990484,110.3716449,20.0065367
582,17,delivery_p1,1493597790.9327192,1770.0,185.0,17592367720243,17592367607217.0,110.2901767,20.0202475,110.3411185,20.0349696
583,13,pickup_p1,1493598930.0,2404.0,185.0,17592367973408,,110.3352008,20.0311554,110.3411185,20.0349696
584,13,delivery_p2,1493599965.712909,178.0,185.0,17592368169023,17592368244891.0,110.3282799,20.0430948,110.3411185,20.0349696
585,29,pickup_p1,1493598490.0,1770.0,1763.0,17592367825123,,110.2901767,20.0202475,110.290178,20.0129435
586,59,pickup_p1,1493600350.0,804.0,1763.0,17592368303302,,110.2900284,20.012344,110.290178,20.0129435
587,17,pickup_p1,1493599060.0,1770.0,823.0,17592367809886,,110.2901767,20.0202475,110.2871884,20.0093471
588,48,pickup_p1,1493599680.0,1770.0,823.0,17592368030547,,110.2901767,20.0202475,110.2871884,20.0093471
589,17,pickup_p2,1493599170.0,823.0,823.0,17592367809886,17592368091506.0,110.2871884,20.0093471,110.2871884,20.0093471
590,38,pickup_p2,1493598320.0,824.0,823.0,17592367642599,17592367866812.0,110.2818217,20.0093298,110.2871884,20.0093471
591,105,pickup_p1,1493599190.0,1020.0,3657.0,17592368053239,,110.3716449,20.0065367,110.3750836,20.0087575
592,82,pickup_p2,1493598470.0,3664.0,3657.0,17592367790339,17592367946204.0,110.3732897,20.0120743,110.3750836,20.0087575
593,105,delivery_p1,1493598373.9424207,532.0,1271.0,17592367508733,17592367592649.0,110.35944,20.0221353,110.3344068,20.0634268
594,21,delivery_p1,1493598789.2603545,2208.0,1271.0,17592367624240,17592367944463.0,110.333701,20.0242463,110.3344068,20.0634268
595,130,pickup_p1,1493599630.0,532.0,448.0,17592368103500,,110.35944,20.0221353,110.3516669,20.0190248
596,123,pickup_p2,1493597750.0,1737.0,1739.0,17592367595829,17592367771470.0,110.3134728,20.0022575,110.3043869,20.004105
597,29,delivery_p2,1493599460.0434437,1093.0,1089.0,17592367825123,17592367810401.0,110.2997898,19.9782087,110.3196287,19.9782962
598,71,delivery_p1,1493600494.4404185,1093.0,1900.0,17592367958209,17592367995404.0,110.2997898,19.9782087,110.2587144,19.9409697
599,90,"failed_ridepooling,delivery_p1",1493598800.0,810.0,1900.0,17592367637695,,110.3169188,20.0183294,110.2587144,19.9409697
600,10,delivery_p1,1493600465.9005356,40.0,1900.0,17592367933298,17592368139972.0,110.3208265,20.0256772,110.2587144,19.9409697
601,97,pickup_p1,1493597770.0,2388.0,2388.0,17592367764808,,110.3342027,20.0284848,110.3342027,20.0284848
602,74,pickup_p2,1493599840.0,2218.0,2388.0,17592367947897,17592368039152.0,110.3401534,20.0289451,110.3342027,20.0284848
603,64,pickup_p1,1493599020.0,3269.0,2388.0,17592368075066,,110.3418024,20.0320787,110.3342027,20.0284848
604,100,delivery_p2,1493599501.9114015,1330.0,2388.0,17592367828857,17592367847244.0,110.3417736,20.0234533,110.3342027,20.0284848
605,4,delivery_p1,1493599266.1907074,2666.0,2388.0,17592367835836,17592368076802.0,110.3424934,19.9997167,110.3342027,20.0284848
606,37,delivery_p2,1493600661.595368,557.0,2388.0,17592368189309,17592368445867.0,110.3589268,20.05019,110.3342027,20.0284848
607,97,pickup_p2,1493598000.0,2388.0,490.0,17592367764808,17592367783947.0,110.3342027,20.0284848,110.3356261,20.0343245
608,74,delivery_p2,1493599950.564971,2388.0,1076.0,17592367947897,17592368039152.0,110.3342027,20.0284848,110.3488917,19.989201
609,119,pickup_p1,1493597780.0,2207.0,476.0,17592367773506,,110.3471015,20.0207659,110.346802,20.0243798
610,11,pickup_p2,1493599320.0,2648.0,476.0,17592367901283,17592368148046.0,110.3495632,20.0220871,110.346802,20.0243798
611,125,pickup_p2,1493598730.0,2207.0,2207.0,17592367809527,17592367903518.0,110.3471015,20.0207659,110.3471015,20.0207659
612,125,pickup_p1,1493598390.0,1331.0,2207.0,17592367809527,,110.3388606,20.0250458,110.3471015,20.0207659
613,53,pickup_p1,1493597790.0,3301.0,56.0,17592367611893,,110.3115497,20.019395,110.302973,20.0132357
614,88,pickup_p2,1493598750.0,3301.0,1754.0,17592367821732,17592367886658.0,110.3115497,20.019395,110.3224961,20.0164463
615,104,pickup_p1,1493597790.0,1178.0,1559.0,17592367610177,,110.3389153,20.0651414,110.3335193,20.0565169
616,104,pickup_p2,1493597800.0,1559.0,1559.0,17592367610177,17592367610177.0,110.3335193,20.0565169,110.3335193,20.0565169
617,103,pickup_p2,1493597850.0,1095.0,860.0,17592367590465,17592367778863.0,110.2944165,19.9781804,110.2901851,19.9815014
618,66,pickup_p2,1493600310.0,860.0,860.0,17592368277396,17592368228261.0,110.2901851,19.9815014,110.2901851,19.9815014
619,38,delivery_p1,1493598387.2877707,823.0,860.0,17592367642599,17592367866812.0,110.2871884,20.0093471,110.2901851,19.9815014
620,66,pickup_p1,1493600300.0,864.0,860.0,17592368277396,,110.2901696,19.9935906,110.2901851,19.9815014
621,88,pickup_p1,1493598740.0,3404.0,3301.0,17592367821732,,110.3042334,20.0184176,110.3115497,20.019395
622,121,delivery_p2,1493601029.5969875,3404.0,720.0,17592368014350,17592368259872.0,110.3042334,20.0184176,110.2039842,20.013936
623,38,delivery_p2,1493598796.3484385,860.0,2610.0,17592367642599,17592367866812.0,110.2901851,19.9815014,110.2041996,19.9783075
624,103,pickup_p1,1493599830.0,860.0,3214.0,17592368188079,,110.2901851,19.9815014,110.2778451,19.984437
625,11,pickup_p2,1493597870.0,1567.0,1306.0,17592367699772,17592367729368.0,110.3258981,20.0639458,110.3252829,20.0676398
626,11,delivery_p1,1493597925.1200607,1306.0,187.0,17592367699772,17592367729368.0,110.3252829,20.0676398,110.3380713,20.0324718
627,95,delivery_p1,1493599588.1135366,3389.0,187.0,17592367901650,17592367865933.0,110.3262941,20.0197552,110.3380713,20.0324718
628,74,pickup_p1,1493597880.0,1549.0,1556.0,17592367623523,,110.3470871,20.0655831,110.3345853,20.062167
629,94,delivery_p1,1493599297.2005796,1071.0,3304.0,17592367825383,17592368057646.0,110.353014,19.9990498,110.3244928,19.9890428
630,57,pickup_p1,1493599620.0,1071.0,1066.0,17592368003908,,110.353014,19.9990498,110.3524365,19.9897543
631,51,pickup_p1,1493598720.0,1068.0,1066.0,17592367879384,,110.3601296,19.9905221,110.3524365,19.9897543
632,46,pickup_p2,1493599020.0,1022.0,1066.0,17592367777656,17592367972794.0,110.377225,19.9966016,110.3524365,19.9897543
633,116,pickup_p1,1493597900.0,1580.0,1581.0,17592367733503,,110.346009,20.0480325,110.347458,20.0483912
634,58,delivery_p1,1493600194.4685822,1580.0,17.0,17592368172794,17592368142731.0,110.346009,20.0480325,110.3779744,20.0185624
635,122,"failed_ridepooling,delivery_p1",1493597910.0,3300.0,396.0,17592367745231,,110.3077774,20.0095656,110.2871351,20.0349144
636,46,delivery_p2,1493600300.6261742,3300.0,798.0,17592367777656,17592367972794.0,110.3077774,20.0095656,110.2900111,20.0202439
637,65,pickup_p1,1493597930.0,3651.0,3589.0,17592367779026,,110.1997922,20.0584788,110.1915533,20.0592676
638,20,delivery_p1,1493598545.1001506,38.0,2041.0,17592367643749,17592367861756.0,110.3204729,20.0245874,110.1904931,20.045587
639,117,"failed_ridepooling,delivery_p1",1493598550.0,38.0,2399.0,17592367847143,,110.3204729,20.0245874,110.3620678,20.00823
640,68,pickup_p1,1493599700.0,38.0,116.0,17592368034231,,110.3204729,20.0245874,110.3316762,20.0261705
641,110,pickup_p1,1493599030.0,1761.0,116.0,17592367928244,,110.3337684,20.0241842,110.3316762,20.0261705
642,110,pickup_p2,1493599040.0,116.0,116.0,17592367928244,17592367928244.0,110.3316762,20.0261705,110.3316762,20.0261705
643,74,delivery_p2,1493598131.3484972,431.0,2219.0,17592367623523,17592367784292.0,110.3360778,20.0508546,110.3392135,20.0299352
644,58,pickup_p2,1493599920.0,431.0,2358.0,17592368172794,17592368142731.0,110.3360778,20.0508546,110.3466752,20.0534517
645,9,pickup_p1,1493598530.0,1311.0,2358.0,17592367714045,,110.3491566,20.0418032,110.3466752,20.0534517
646,3,pickup_p2,1493600380.0,2359.0,2358.0,17592368204329,17592368299170.0,110.3436598,20.0620695,110.3466752,20.0534517
647,74,delivery_p1,1493598555.258656,2219.0,1080.0,17592367623523,17592367784292.0,110.3392135,20.0299352,110.339319,19.9758504
648,74,pickup_p1,1493599330.0,2219.0,2218.0,17592367947897,,110.3392135,20.0299352,110.3401534,20.0289451
649,17,delivery_p1,1493599170.0,823.0,2218.0,17592367809886,17592368091506.0,110.2871884,20.0093471,110.3401534,20.0289451
650,10,pickup_p2,1493599920.0,1309.0,2218.0,17592367933298,17592368139972.0,110.3485243,20.0384661,110.3401534,20.0289451
651,120,pickup_p2,1493598000.0,1735.0,766.0,17592367759643,17592367613557.0,110.2978197,20.0147955,110.2929108,20.0238692
652,120,delivery_p2,1493598139.9253445,766.0,1431.0,17592367759643,17592367613557.0,110.2929108,20.0238692,110.2982154,20.0320665
653,131,"failed_ridepooling,delivery_p1",1493598010.0,493.0,3855.0,17592367591768,,110.3480568,20.0565399,110.3714909,20.0332617
654,10,delivery_p2,1493598985.7863731,1781.0,480.0,17592367867825,17592367810133.0,110.3294064,20.0329712,110.3430179,20.0330107
655,33,delivery_p2,1493598985.7863731,1781.0,480.0,17592367961219,17592367810133.0,110.3294064,20.0329712,110.3430179,20.0330107
656,40,delivery_p1,1493599751.768842,1782.0,2384.0,17592367886899,17592367900481.0,110.3255222,20.0290188,110.1589997,20.0397245
657,110,pickup_p2,1493598070.0,2208.0,3391.0,17592367543316,17592367644317.0,110.333701,20.0242463,110.3319369,20.0195574
658,114,delivery_p1,1493598491.017132,1779.0,763.0,17592367744901,17592367645397.0,110.306251,20.0263829,110.2867673,20.0221904
659,61,pickup_p1,1493598120.0,1587.0,571.0,17592367718008,,110.3700063,20.0068108,110.3760633,19.9983912
660,93,pickup_p1,1493598120.0,1587.0,571.0,17592367718008,,110.3700063,20.0068108,110.3760633,19.9983912
661,79,delivery_p2,1493598730.0,634.0,2146.0,17592367787665,17592367907194.0,110.3469261,20.022125,110.3412688,20.0137974
662,48,"failed_ridepooling,delivery_p1",1493600090.0,823.0,1451.0,17592368030547,,110.2871884,20.0093471,110.2620551,20.0176951
663,117,delivery_p2,1493599250.0,3664.0,2211.0,17592368093919,17592368093919.0,110.3732897,20.0120743,110.3517103,20.0236588
664,117,delivery_p1,1493599828.4997933,2211.0,2211.0,17592368093919,17592368093919.0,110.3517103,20.0236588,110.3517103,20.0236588
665,94,"failed_ridepooling,delivery_p1",1493600080.0,3664.0,365.0,17592368021680,,110.3732897,20.0120743,110.4138019,19.9919967
666,102,delivery_p1,1493600276.3957124,438.0,365.0,17592368077754,17592367976533.0,110.3646407,20.0186368,110.4138019,19.9919967
667,31,pickup_p1,1493599120.0,1364.0,2203.0,17592367920520,,110.3693147,20.0235072,110.3566778,20.0204667
668,28,delivery_p1,1493598956.722244,131.0,2693.0,17592367790374,17592367821267.0,110.352186,20.0310511,110.336635,19.9974259
669,99,delivery_p2,1493598605.3367589,2224.0,2693.0,17592367740291,17592367697897.0,110.3497287,19.9980285,110.336635,19.9974259
670,99,pickup_p1,1493598190.0,1076.0,2192.0,17592367740291,,110.3488917,19.989201,110.3471169,19.9919888
671,90,pickup_p1,1493598200.0,810.0,810.0,17592367637695,,110.3169188,20.0183294,110.3169188,20.0183294
672,43,pickup_p1,1493598870.0,629.0,810.0,17592367838448,,110.3337911,20.022385,110.3169188,20.0183294
673,107,"failed_ridepooling,delivery_p1",1493599770.0,1773.0,488.0,17592368099096,,110.298201,20.0221929,110.3348828,20.0386793
674,18,delivery_p1,1493600755.4449062,2431.0,488.0,17592368125137,17592368136445.0,110.3501781,20.054303,110.3348828,20.0386793
675,58,pickup_p1,1493598210.0,1569.0,1183.0,17592367643110,,110.3193785,20.0637543,110.316197,20.0634109
676,101,pickup_p1,1493598500.0,1569.0,1277.0,17592367804226,,110.3193785,20.0637543,110.3347319,20.0622003
677,58,delivery_p2,1493598700.232301,1569.0,432.0,17592367643110,17592367835284.0,110.3193785,20.0637543,110.3377134,20.0512362
678,55,pickup_p1,1493598240.0,3392.0,424.0,17592367775746,,110.3263685,20.0198658,110.3182843,20.018609
679,88,"failed_ridepooling,delivery_p1",1493600230.0,3392.0,2646.0,17592368029360,,110.3263685,20.0198658,110.3713449,20.029333
680,128,delivery_p2,1493599062.7603378,1015.0,2646.0,17592367760305,17592368054818.0,110.3799308,20.0223959,110.3713449,20.029333
681,17,delivery_p2,1493599991.437882,2218.0,468.0,17592367809886,17592368091506.0,110.3401534,20.0289451,110.3692855,20.0184496
682,69,"failed_ridepooling,delivery_p1",1493598240.0,1761.0,1170.0,17592367768658,,110.3337684,20.0241842,110.3154108,20.0659711
683,39,pickup_p1,1493598260.0,3580.0,3580.0,17592360898003,,110.4791877,19.9705003,110.4791877,19.9705003
684,39,"failed_ridepooling,delivery_p1",1493598860.0,3580.0,2721.0,17592360898003,,110.4791877,19.9705003,110.3301613,19.9126164
685,92,"failed_ridepooling,delivery_p1",1493598270.0,2689.0,349.0,17592367753731,,110.1887184,20.0567895,110.1265486,19.9363947
686,0,pickup_p1,1493598280.0,990.0,1135.0,17592367777381,,110.3461227,19.9802181,110.3443557,19.9802217
687,0,pickup_p2,1493598290.0,1135.0,1135.0,17592367777381,17592367777381.0,110.3443557,19.9802217,110.3443557,19.9802217
688,63,pickup_p1,1493598280.0,794.0,827.0,17592367819835,,110.2838356,20.0212125,110.2770226,20.0156193
689,116,delivery_p2,1493600559.8080835,2043.0,2256.0,17592367733503,17592367804269.0,110.1905133,20.0485749,110.163227,20.028315
690,11,delivery_p2,1493599869.35791,249.0,3597.0,17592367901283,17592368148046.0,110.3592169,20.0549485,110.367456,20.0700589
691,30,pickup_p2,1493598380.0,2400.0,1822.0,17592367864526,17592367731759.0,110.3620642,20.0102822,110.3606127,20.0014586
692,40,pickup_p1,1493598710.0,1047.0,1822.0,17592367886899,,110.3544557,20.0068401,110.3606127,20.0014586
693,56,pickup_p1,1493599450.0,2400.0,544.0,17592368104140,,110.3620642,20.0102822,110.3730519,20.0123614
694,56,pickup_p2,1493599460.0,544.0,544.0,17592368104140,17592368104140.0,110.3730519,20.0123614,110.3730519,20.0123614
695,66,"failed_ridepooling,delivery_p1",1493598730.0,824.0,2228.0,17592367675977,,110.2818217,20.0093298,110.3242209,19.999546
696,66,pickup_p1,1493599380.0,2228.0,2228.0,17592368106452,,110.3242209,19.999546,110.3242209,19.999546
697,14,delivery_p1,1493598652.234528,2220.0,799.0,17592367785991,17592367735999.0,110.3374218,20.031768,110.2900141,20.0190794
698,34,pickup_p2,1493598360.0,1280.0,1283.0,17592367946002,17592367701965.0,110.3334018,20.0405368,110.3323418,20.040324
699,85,delivery_p2,1493599267.1138656,1280.0,291.0,17592367699325,17592367947932.0,110.3334018,20.0405368,110.3157988,20.0276965
700,6,pickup_p1,1493599580.0,1280.0,178.0,17592368115484,,110.3334018,20.0405368,110.3282799,20.0430948
701,13,pickup_p2,1493599920.0,1574.0,178.0,17592368169023,17592368244891.0,110.3247685,20.0427159,110.3282799,20.0430948
702,89,delivery_p1,1493600389.1661775,1280.0,1101.0,17592368251488,17592368198940.0,110.3334018,20.0405368,110.2773906,19.9784144
703,34,delivery_p1,1493598630.8192391,477.0,1529.0,17592367946002,17592367701965.0,110.3452632,20.0307648,110.2522926,20.0020317
704,27,pickup_p1,1493598370.0,364.0,364.0,17592367880226,,110.4133784,19.9919867,110.4133784,19.9919867
705,27,"failed_ridepooling,delivery_p1",1493598970.0,364.0,11.0,17592367880226,,110.4133784,19.9919867,110.3380844,19.9816536
706,89,pickup_p1,1493598380.0,1373.0,535.0,17592367745149,,110.3615289,20.0364717,110.355848,20.04367
707,53,"failed_ridepooling,delivery_p1",1493598390.0,56.0,2156.0,17592367611893,,110.302973,20.0132357,110.3386804,20.0190899
708,56,pickup_p1,1493598440.0,133.0,133.0,17592367720933,,110.3550341,20.0284767,110.3550341,20.0284767
709,94,pickup_p1,1493598480.0,1002.0,1022.0,17592367825383,,110.3838878,19.9866205,110.377225,19.9966016
710,46,pickup_p1,1493598520.0,470.0,1022.0,17592367777656,,110.3672802,19.9885615,110.377225,19.9966016
711,99,pickup_p2,1493598500.0,2192.0,2224.0,17592367740291,17592367697897.0,110.3471169,19.9919888,110.3497287,19.9980285
712,32,pickup_p1,1493598550.0,470.0,1052.0,17592367948715,,110.3672802,19.9885615,110.3660155,19.9972254
713,49,delivery_p2,1493598530.0,2245.0,2241.0,17592367767705,17592367817354.0,110.3269156,19.9853225,110.3159938,19.9967418
714,49,pickup_p1,1493599740.0,2241.0,877.0,17592368157596,,110.3159938,19.9967418,110.309205,19.9971715
715,50,"failed_ridepooling,delivery_p1",1493598540.0,3623.0,1725.0,17592367788395,,110.3369537,20.0019502,110.340262,19.9677971
716,32,pickup_p2,1493598560.0,1052.0,1047.0,17592367948715,17592367876954.0,110.3660155,19.9972254,110.3544557,20.0068401
717,32,delivery_p2,1493598757.4275253,1047.0,2650.0,17592367948715,17592367876954.0,110.3544557,20.0068401,110.3539799,20.0218959
718,129,pickup_p1,1493598600.0,3287.0,1035.0,17592367883890,,110.365902,19.985744,110.3671562,19.9885656
719,11,pickup_p1,1493598930.0,3384.0,2648.0,17592367901283,,110.3470893,20.0160186,110.3495632,20.0220871
720,41,pickup_p1,1493598610.0,1322.0,1321.0,17592367905980,,110.3504539,20.0324957,110.3521833,20.0311926
721,109,pickup_p1,1493598630.0,1315.0,1315.0,17592367818974,,110.3570354,20.0289281,110.3570354,20.0289281
722,73,pickup_p1,1493598640.0,1315.0,1346.0,17592367883148,,110.3570354,20.0289281,110.3566692,20.0401091
723,73,pickup_p2,1493598650.0,1346.0,1346.0,17592367883148,17592367883148.0,110.3566692,20.0401091,110.3566692,20.0401091
724,58,pickup_p2,1493598640.0,1183.0,1569.0,17592367643110,17592367835284.0,110.316197,20.0634109,110.3193785,20.0637543
725,128,pickup_p1,1493598710.0,2403.0,606.0,17592367760305,,110.3647003,20.0083189,110.3786838,20.0259785
726,19,pickup_p2,1493599340.0,3263.0,606.0,17592368095574,17592367923294.0,110.3770576,20.0253071,110.3786838,20.0259785
727,100,delivery_p1,1493599012.7649672,2403.0,1330.0,17592367828857,17592367847244.0,110.3647003,20.0083189,110.3417736,20.0234533
728,3,pickup_p1,1493598910.0,2403.0,469.0,17592367881100,,110.3647003,20.0083189,110.3738016,20.0184417
729,29,delivery_p1,1493600489.2814684,2401.0,469.0,17592367992741,17592368040570.0,110.3620649,20.0065132,110.3738016,20.0184417
730,22,pickup_p1,1493600140.0,2189.0,469.0,17592368275592,,110.3516631,20.0188094,110.3738016,20.0184417
731,72,delivery_p2,1493599249.571391,3296.0,67.0,17592367801490,17592367960860.0,110.3261895,20.0103863,110.318723,20.0098734
732,79,delivery_p1,1493598910.9122634,2146.0,1040.0,17592367787665,17592367907194.0,110.3412688,20.0137974,110.3728236,19.9930926
733,72,delivery_p2,1493600598.80402,40.0,1185.0,17592368051789,17592368166093.0,110.3208265,20.0256772,110.3239031,20.0635987
734,100,pickup_p2,1493598820.0,3663.0,2403.0,17592367828857,17592367847244.0,110.3725342,20.0089848,110.3647003,20.0083189
735,75,pickup_p1,1493598830.0,466.0,466.0,17592367974552,,110.3674513,19.9809043,110.3674513,19.9809043
736,75,pickup_p2,1493598870.0,466.0,466.0,17592367974552,17592367864109.0,110.3674513,19.9809043,110.3674513,19.9809043
737,60,pickup_p1,1493598840.0,379.0,1033.0,17592368074276,,110.3765969,19.9810403,110.3701145,19.9900169
738,10,delivery_p1,1493599297.5173175,480.0,2657.0,17592367867825,17592367810133.0,110.3430179,20.0330107,110.3497521,20.0074818
739,10,pickup_p1,1493599770.0,480.0,1309.0,17592367933298,,110.3430179,20.0330107,110.3485243,20.0384661
740,94,pickup_p2,1493598880.0,1022.0,1587.0,17592367825383,17592368057646.0,110.377225,19.9966016,110.3700063,20.0068108
741,24,pickup_p2,1493599290.0,3286.0,3285.0,17592368146432,17592367982265.0,110.3644194,19.9857239,110.3622786,19.9857893
742,83,delivery_p1,1493599657.1789813,2404.0,1787.0,17592367835887,17592368076802.0,110.3352008,20.0311554,110.3484514,20.0384549
743,14,"failed_ridepooling,delivery_p1",1493599890.0,2404.0,607.0,17592368083259,,110.3352008,20.0311554,110.3798318,20.0223123
744,7,pickup_p1,1493598940.0,997.0,470.0,17592367853785,,110.3808548,19.9830621,110.3672802,19.9885615
745,71,pickup_p1,1493599340.0,997.0,379.0,17592367958209,,110.3808548,19.9830621,110.3765969,19.9810403
746,84,pickup_p1,1493598940.0,3863.0,3863.0,17592367846909,,110.3162431,19.9845495,110.3162431,19.9845495
747,115,pickup_p1,1493599790.0,3863.0,3863.0,17592368175195,,110.3162431,19.9845495,110.3162431,19.9845495
748,95,delivery_p2,1493598997.228503,883.0,3389.0,17592367901650,17592367865933.0,110.324259,19.9971729,110.3262941,20.0197552
749,95,pickup_p1,1493600000.0,883.0,2231.0,17592368193742,,110.324259,19.9971729,110.3138943,19.9928401
750,32,delivery_p2,1493601226.30838,1740.0,2681.0,17592368260459,17592368137380.0,110.2978997,20.0033891,110.2802528,19.9992273
751,128,pickup_p2,1493599010.0,606.0,1015.0,17592367760305,17592368054818.0,110.3786838,20.0259785,110.3799308,20.0223959
752,69,pickup_p1,1493599030.0,1170.0,1178.0,17592368051732,,110.3154108,20.0659711,110.3389153,20.0651414
753,78,pickup_p2,1493599050.0,2641.0,434.0,17592367830619,17592367923633.0,110.3451315,20.0710568,110.3328513,20.068576
754,1,pickup_p1,1493599050.0,3348.0,3348.0,17592367967606,,110.265418,19.9655829,110.265418,19.9655829
755,2,pickup_p1,1493599050.0,1137.0,1137.0,17592367980928,,110.4357869,19.9651757,110.4357869,19.9651757
756,2,pickup_p2,1493599480.0,1137.0,1140.0,17592367980928,17592368153898.0,110.4357869,19.9651757,110.4312294,19.9695234
757,9,"failed_ridepooling,delivery_p1",1493599060.0,2358.0,1032.0,17592367714045,,110.3466752,20.0534517,110.3639223,19.9632352
758,80,pickup_p2,1493599340.0,2666.0,1339.0,17592367794628,17592368104163.0,110.3424934,19.9997167,110.3414732,20.004383
759,31,delivery_p2,1493599727.995231,39.0,2232.0,17592367920520,17592368054934.0,110.3205839,20.0249388,110.3160107,19.9928405
760,29,delivery_p2,1493599952.6621444,2692.0,2401.0,17592367992741,17592368040570.0,110.3380385,19.9842786,110.3620649,20.0065132
761,35,delivery_p1,1493600219.1305673,78.0,2401.0,17592368148417,17592368071861.0,110.3150659,20.0242176,110.3620649,20.0065132
762,112,delivery_p1,1493600203.001761,9.0,2401.0,17592368040570,17592368198285.0,110.3377999,19.9842605,110.3620649,20.0065132
763,41,pickup_p1,1493600010.0,2692.0,2244.0,17592368205473,,110.3380385,19.9842786,110.3275183,19.9816809
764,27,pickup_p1,1493600010.0,11.0,2244.0,17592368251626,,110.3380844,19.9816536,110.3275183,19.9816809
765,112,pickup_p2,1493600200.0,2692.0,9.0,17592368040570,17592368198285.0,110.3380385,19.9842786,110.3377999,19.9842605
766,119,pickup_p1,1493599200.0,1354.0,558.0,17592367914593,,110.3559521,20.043683,110.3579319,20.0505575
767,89,pickup_p1,1493599900.0,1354.0,533.0,17592368251488,,110.3559521,20.043683,110.3552614,20.050969
768,76,pickup_p2,1493599300.0,1304.0,1213.0,17592367901287,17592368000744.0,110.3193237,20.0676498,110.3257251,20.0639415
769,72,pickup_p1,1493599360.0,67.0,60.0,17592367917923,,110.318723,20.0098734,110.301533,20.0034038
770,72,pickup_p2,1493599370.0,60.0,1738.0,17592367917923,17592368083407.0,110.301533,20.0034038,110.3092079,20.002332
771,16,pickup_p1,1493599450.0,1227.0,1227.0,17592368013587,,110.3524178,20.0549428,110.3524178,20.0549428
772,16,pickup_p2,1493599460.0,1227.0,1227.0,17592368013587,17592368013587.0,110.3524178,20.0549428,110.3524178,20.0549428
773,16,delivery_p2,1493599460.0,1227.0,2670.0,17592368013587,17592368013587.0,110.3524178,20.0549428,110.3508592,20.0051812
774,16,delivery_p1,1493600337.0393853,2670.0,2670.0,17592368013587,17592368013587.0,110.3508592,20.0051812,110.3508592,20.0051812
775,91,pickup_p1,1493599480.0,2326.0,2338.0,17592367325075,,110.4612872,19.9849423,110.474944,19.9778502
776,118,pickup_p1,1493599560.0,2363.0,292.0,17592364116282,,110.3185785,20.0290831,110.3156722,20.0318294
777,118,pickup_p2,1493599570.0,292.0,292.0,17592364116282,17592364116282.0,110.3156722,20.0318294,110.3156722,20.0318294
778,85,"failed_ridepooling,delivery_p1",1493600240.0,2363.0,2654.0,17592368171996,,110.3185785,20.0290831,110.3320582,20.0000724
779,118,delivery_p2,1493599570.0,292.0,3594.0,17592364116282,17592364116282.0,110.3156722,20.0318294,110.2324198,20.0337152
780,118,delivery_p1,1493600737.3596776,3594.0,3594.0,17592364116282,17592364116282.0,110.2324198,20.0337152,110.2324198,20.0337152
781,21,delivery_p2,1493599698.9520862,3375.0,155.0,17592367942701,17592367937873.0,110.3159148,20.0181176,110.3263605,20.0241049
782,21,delivery_p1,1493599859.3979409,155.0,2357.0,17592367942701,17592367937873.0,110.3263605,20.0241049,110.3489031,20.0507261
783,28,pickup_p2,1493599630.0,496.0,412.0,17592367964605,17592368117871.0,110.3384474,20.0541928,110.341176,20.0472457
784,130,pickup_p2,1493599640.0,448.0,2649.0,17592368103500,17592368109862.0,110.3516669,20.0190248,110.3518319,20.0219707
785,99,pickup_p2,1493599700.0,2196.0,2195.0,17592367974569,17592368178940.0,110.3462777,20.0013024,110.3470299,19.9982119
786,112,delivery_p2,1493600742.1059666,2401.0,130.0,17592368040570,17592368198285.0,110.3620649,20.0065132,110.350453,20.0323669
787,102,pickup_p2,1493599790.0,1072.0,1051.0,17592368077754,17592367976533.0,110.3515021,20.001954,110.3636388,20.0001997
788,77,pickup_p1,1493599800.0,814.0,814.0,17592368025935,,110.2700487,20.0150663,110.2700487,20.0150663
789,23,pickup_p1,1493599810.0,1489.0,1489.0,17592368260124,,110.2476832,20.019734,110.2476832,20.019734
790,26,pickup_p1,1493599820.0,2278.0,2275.0,17592368037507,,110.2014934,20.054677,110.2031529,20.0410233
791,59,"failed_ridepooling,delivery_p1",1493599820.0,678.0,804.0,17592367940676,,110.2678264,19.9981718,110.2900284,20.012344
792,117,delivery_p2,1493599925.4374378,2209.0,1783.0,17592368144901,17592368065321.0,110.3544666,20.0234281,110.3250663,20.0287294
793,86,pickup_p1,1493599900.0,2631.0,2631.0,17592368043437,,110.3391423,20.0783624,110.3391423,20.0783624
794,86,pickup_p2,1493600380.0,2631.0,2631.0,17592368043437,17592368287795.0,110.3391423,20.0783624,110.3391423,20.0783624
795,89,pickup_p2,1493600000.0,533.0,1362.0,17592368251488,17592368198940.0,110.3552614,20.050969,110.355472,20.0500908
796,54,pickup_p1,1493600000.0,411.0,495.0,17592368251994,,110.3412394,20.0469946,110.342064,20.0550669
797,95,pickup_p2,1493600010.0,2231.0,2655.0,17592368193742,17592368168409.0,110.3138943,19.9928401,110.3242047,19.997474
798,31,pickup_p1,1493600250.0,2232.0,2655.0,17592368281359,,110.3160107,19.9928405,110.3242047,19.997474
799,95,delivery_p2,1493600200.069602,2655.0,1127.0,17592368193742,17592368168409.0,110.3242047,19.997474,110.2997829,19.9779926
800,95,delivery_p1,1493600723.3774734,1127.0,1099.0,17592368193742,17592368168409.0,110.2997829,19.9779926,110.2785517,19.9782572
801,54,delivery_p2,1493600909.7618384,2145.0,1099.0,17592368251994,17592368112449.0,110.341232,20.0134608,110.2785517,19.9782572
802,120,pickup_p1,1493600030.0,1753.0,1752.0,17592368065773,,110.297451,20.0169941,110.2973518,20.0171734
803,67,"failed_ridepooling,delivery_p1",1493600030.0,3840.0,3829.0,17592368124935,,110.4657353,19.94378,110.4944127,19.9357537
804,120,delivery_p2,1493600205.7124786,785.0,1784.0,17592368065773,17592368053317.0,110.2978847,20.0254635,110.3235737,20.0276881
805,120,delivery_p1,1493600573.8673189,1784.0,500.0,17592368065773,17592368053317.0,110.3235737,20.0276881,110.3301005,20.0521548
806,124,pickup_p1,1493600120.0,599.0,592.0,17592368101617,,110.3736353,20.0368722,110.3623617,20.047
807,124,pickup_p2,1493600130.0,592.0,592.0,17592368101617,17592368101617.0,110.3623617,20.047,110.3623617,20.047
808,27,pickup_p2,1493600140.0,2244.0,2246.0,17592368251626,17592368160265.0,110.3275183,19.9816809,110.326244,19.9893897
809,131,pickup_p1,1493600240.0,3855.0,599.0,17592368096725,,110.3714909,20.0332617,110.3736353,20.0368722
810,123,pickup_p2,1493600250.0,57.0,3219.0,17592368033396,17592368274702.0,110.3029236,20.012963,110.3101494,20.0076128
811,123,delivery_p2,1493600425.037358,3219.0,3412.0,17592368033396,17592368274702.0,110.3101494,20.0076128,110.3270583,20.0271084
812,98,delivery_p2,1493600374.4247737,1785.0,195.0,17592368119069,17592368275311.0,110.3211857,20.0259332,110.3204818,20.0352787
813,98,delivery_p1,1493600547.647135,195.0,1607.0,17592368119069,17592368275311.0,110.3204818,20.0352787,110.4046998,20.0493791
814,62,pickup_p1,1493600340.0,3667.0,3667.0,17592368283452,,110.1852208,20.0391984,110.1852208,20.0391984
815,70,delivery_p2,1493600829.0947754,151.0,399.0,17592368273795,17592368140985.0,110.3239963,20.0308249,110.2900056,20.0232578
816,37,pickup_p1,1493600360.0,3261.0,548.0,17592368189309,,110.3748338,20.028581,110.3754609,20.0356218
817,37,pickup_p2,1493600370.0,548.0,557.0,17592368189309,17592368445867.0,110.3754609,20.0356218,110.3589268,20.05019
