OD_id,origin_id,destination_id,lambda
0,7.0,487.0,0.0005662514156285391
1,7.0,2111.0,0.0005662514156285391
2,7.0,2127.0,0.0005662514156285391
3,7.0,2238.0,0.0005662514156285391
4,7.0,3283.0,0.0005662514156285391
5,9.0,130.0,0.0005662514156285391
6,11.0,291.0,0.0005662514156285391
7,11.0,1085.0,0.0005662514156285391
8,17.0,3269.0,0.0005662514156285391
9,18.0,1085.0,0.0005662514156285391
10,19.0,1342.0,0.0005662514156285391
11,35.0,1744.0,0.0005662514156285391
12,37.0,2388.0,0.0005662514156285391
13,38.0,438.0,0.0005662514156285391
14,38.0,1085.0,0.0005662514156285391
15,38.0,1329.0,0.0005662514156285391
16,38.0,1569.0,0.0005662514156285391
17,38.0,2399.0,0.0005662514156285391
18,39.0,1035.0,0.0005662514156285391
19,40.0,1085.0,0.0005662514156285391
20,40.0,3621.0,0.0005662514156285391
21,47.0,1085.0,0.0005662514156285391
22,48.0,1085.0,0.0005662514156285391
23,49.0,2648.0,0.0005662514156285391
24,49.0,2665.0,0.0005662514156285391
25,51.0,1198.0,0.0005662514156285391
26,52.0,476.0,0.0005662514156285391
27,55.0,844.0,0.0005662514156285391
28,55.0,1269.0,0.0005662514156285391
29,55.0,3269.0,0.0005662514156285391
30,55.0,3664.0,0.0005662514156285391
31,56.0,776.0,0.0005662514156285391
32,56.0,860.0,0.0005662514156285391
33,56.0,1280.0,0.0005662514156285391
34,56.0,1331.0,0.0005662514156285391
35,56.0,2156.0,0.0005662514156285391
36,56.0,2355.0,0.0005662514156285391
37,57.0,479.0,0.0011325028312570782
38,58.0,16.0,0.0005662514156285391
39,58.0,1069.0,0.0005662514156285391
40,58.0,2697.0,0.0005662514156285391
41,58.0,3278.0,0.0005662514156285391
42,58.0,3369.0,0.0005662514156285391
43,59.0,3381.0,0.0005662514156285391
44,59.0,3440.0,0.0011325028312570782
45,60.0,803.0,0.0005662514156285391
46,60.0,997.0,0.0005662514156285391
47,60.0,2111.0,0.0005662514156285391
48,60.0,2192.0,0.0005662514156285391
49,60.0,2665.0,0.0005662514156285391
50,60.0,2721.0,0.0005662514156285391
51,60.0,3446.0,0.0005662514156285391
52,60.0,3664.0,0.0005662514156285391
53,61.0,462.0,0.0005662514156285391
54,61.0,1735.0,0.0005662514156285391
55,64.0,186.0,0.0005662514156285391
56,64.0,1085.0,0.0005662514156285391
57,64.0,1562.0,0.0005662514156285391
58,67.0,2197.0,0.0005662514156285391
59,70.0,1783.0,0.0005662514156285391
60,70.0,3417.0,0.0005662514156285391
61,75.0,3621.0,0.0005662514156285391
62,77.0,469.0,0.0005662514156285391
63,77.0,1322.0,0.0005662514156285391
64,77.0,1331.0,0.0005662514156285391
65,77.0,1779.0,0.0005662514156285391
66,77.0,2230.0,0.0005662514156285391
67,77.0,2357.0,0.0005662514156285391
68,77.0,2401.0,0.0005662514156285391
69,77.0,3389.0,0.0005662514156285391
70,78.0,479.0,0.0005662514156285391
71,78.0,1607.0,0.0005662514156285391
72,78.0,3628.0,0.0005662514156285391
73,78.0,3694.0,0.0005662514156285391
74,79.0,249.0,0.0005662514156285391
75,79.0,991.0,0.0005662514156285391
76,79.0,1085.0,0.0005662514156285391
77,79.0,2143.0,0.0005662514156285391
78,80.0,2195.0,0.0005662514156285391
79,81.0,892.0,0.0005662514156285391
80,81.0,1179.0,0.0005662514156285391
81,81.0,1548.0,0.0005662514156285391
82,81.0,2142.0,0.0005662514156285391
83,81.0,3269.0,0.0005662514156285391
84,81.0,3381.0,0.0005662514156285391
85,81.0,3694.0,0.0011325028312570782
86,116.0,495.0,0.0005662514156285391
87,116.0,1069.0,0.0005662514156285391
88,116.0,1085.0,0.0011325028312570782
89,116.0,1555.0,0.0005662514156285391
90,116.0,1820.0,0.0005662514156285391
91,116.0,3392.0,0.0005662514156285391
92,117.0,1080.0,0.0005662514156285391
93,119.0,477.0,0.0005662514156285391
94,119.0,1051.0,0.0005662514156285391
95,119.0,1182.0,0.0005662514156285391
96,121.0,77.0,0.0005662514156285391
97,121.0,803.0,0.0005662514156285391
98,122.0,776.0,0.0005662514156285391
99,123.0,488.0,0.0005662514156285391
100,128.0,466.0,0.0005662514156285391
101,128.0,1186.0,0.0005662514156285391
102,130.0,477.0,0.0005662514156285391
103,130.0,544.0,0.0005662514156285391
104,130.0,866.0,0.0005662514156285391
105,130.0,3382.0,0.0005662514156285391
106,130.0,3694.0,0.0005662514156285391
107,131.0,496.0,0.0005662514156285391
108,131.0,3437.0,0.0005662514156285391
109,131.0,3694.0,0.0005662514156285391
110,133.0,2400.0,0.0005662514156285391
111,141.0,1066.0,0.0005662514156285391
112,141.0,1085.0,0.0005662514156285391
113,141.0,1580.0,0.0005662514156285391
114,151.0,1085.0,0.0005662514156285391
115,156.0,55.0,0.0005662514156285391
116,161.0,152.0,0.0005662514156285391
117,161.0,1072.0,0.0005662514156285391
118,161.0,1580.0,0.0005662514156285391
119,162.0,194.0,0.0005662514156285391
120,166.0,2390.0,0.0005662514156285391
121,174.0,185.0,0.0005662514156285391
122,175.0,985.0,0.0005662514156285391
123,176.0,2138.0,0.0005662514156285391
124,177.0,1198.0,0.0005662514156285391
125,178.0,185.0,0.0005662514156285391
126,178.0,2221.0,0.0005662514156285391
127,184.0,1085.0,0.0005662514156285391
128,185.0,776.0,0.0005662514156285391
129,185.0,1085.0,0.0005662514156285391
130,185.0,1779.0,0.0005662514156285391
131,186.0,249.0,0.0005662514156285391
132,188.0,2143.0,0.0005662514156285391
133,189.0,3218.0,0.0005662514156285391
134,194.0,131.0,0.0005662514156285391
135,194.0,799.0,0.0005662514156285391
136,194.0,824.0,0.0005662514156285391
137,194.0,2400.0,0.0005662514156285391
138,194.0,3279.0,0.0005662514156285391
139,194.0,3435.0,0.0005662514156285391
140,246.0,1085.0,0.0005662514156285391
141,247.0,249.0,0.0005662514156285391
142,248.0,3598.0,0.0005662514156285391
143,249.0,1085.0,0.0005662514156285391
144,249.0,3694.0,0.0005662514156285391
145,250.0,1550.0,0.0005662514156285391
146,250.0,2665.0,0.0005662514156285391
147,260.0,1559.0,0.0005662514156285391
148,260.0,3835.0,0.0005662514156285391
149,288.0,2229.0,0.0005662514156285391
150,288.0,3399.0,0.0005662514156285391
151,292.0,3594.0,0.0005662514156285391
152,364.0,11.0,0.0005662514156285391
153,376.0,3285.0,0.0005662514156285391
154,379.0,1900.0,0.0005662514156285391
155,384.0,477.0,0.0005662514156285391
156,394.0,532.0,0.0005662514156285391
157,394.0,3694.0,0.0005662514156285391
158,411.0,480.0,0.0005662514156285391
159,412.0,2142.0,0.0005662514156285391
160,417.0,1547.0,0.0005662514156285391
161,418.0,1076.0,0.0005662514156285391
162,418.0,1198.0,0.0005662514156285391
163,419.0,1286.0,0.0005662514156285391
164,423.0,469.0,0.0005662514156285391
165,423.0,2190.0,0.0005662514156285391
166,423.0,2400.0,0.0005662514156285391
167,423.0,3270.0,0.0005662514156285391
168,424.0,1078.0,0.0005662514156285391
169,427.0,477.0,0.0005662514156285391
170,427.0,2363.0,0.0005662514156285391
171,428.0,535.0,0.0005662514156285391
172,428.0,1354.0,0.0005662514156285391
173,429.0,1175.0,0.0005662514156285391
174,430.0,131.0,0.0005662514156285391
175,430.0,3296.0,0.0005662514156285391
176,431.0,17.0,0.0005662514156285391
177,431.0,1773.0,0.0011325028312570782
178,431.0,2219.0,0.0005662514156285391
179,434.0,1085.0,0.0005662514156285391
180,438.0,1772.0,0.0005662514156285391
181,438.0,1785.0,0.0005662514156285391
182,441.0,1779.0,0.0005662514156285391
183,448.0,131.0,0.0005662514156285391
184,448.0,1547.0,0.0005662514156285391
185,458.0,1817.0,0.0005662514156285391
186,460.0,1280.0,0.0005662514156285391
187,460.0,2648.0,0.0005662514156285391
188,461.0,468.0,0.0005662514156285391
189,466.0,1093.0,0.0005662514156285391
190,466.0,1823.0,0.0005662514156285391
191,468.0,761.0,0.0005662514156285391
192,469.0,131.0,0.0005662514156285391
193,469.0,490.0,0.0005662514156285391
194,469.0,1547.0,0.0005662514156285391
195,469.0,2534.0,0.0005662514156285391
196,469.0,3280.0,0.0005662514156285391
197,470.0,507.0,0.0005662514156285391
198,470.0,1298.0,0.0005662514156285391
199,470.0,3258.0,0.0005662514156285391
200,470.0,3694.0,0.0005662514156285391
201,476.0,1354.0,0.0005662514156285391
202,476.0,1783.0,0.0005662514156285391
203,476.0,2388.0,0.0005662514156285391
204,476.0,2692.0,0.0005662514156285391
205,476.0,3597.0,0.0005662514156285391
206,477.0,77.0,0.0005662514156285391
207,477.0,541.0,0.0005662514156285391
208,477.0,1085.0,0.0005662514156285391
209,477.0,1569.0,0.0005662514156285391
210,477.0,2190.0,0.0005662514156285391
211,477.0,2691.0,0.0005662514156285391
212,477.0,3384.0,0.0011325028312570782
213,478.0,2390.0,0.0005662514156285391
214,478.0,3024.0,0.0005662514156285391
215,479.0,427.0,0.0005662514156285391
216,479.0,1085.0,0.0005662514156285391
217,480.0,1311.0,0.0005662514156285391
218,480.0,3694.0,0.0005662514156285391
219,481.0,477.0,0.0005662514156285391
220,481.0,3384.0,0.0005662514156285391
221,485.0,495.0,0.0005662514156285391
222,485.0,3289.0,0.0005662514156285391
223,487.0,67.0,0.0005662514156285391
224,487.0,549.0,0.0005662514156285391
225,487.0,1817.0,0.0005662514156285391
226,487.0,2111.0,0.0005662514156285391
227,487.0,2697.0,0.0005662514156285391
228,487.0,3025.0,0.0005662514156285391
229,487.0,3694.0,0.0011325028312570782
230,488.0,1085.0,0.0005662514156285391
231,488.0,1327.0,0.0005662514156285391
232,488.0,1569.0,0.0005662514156285391
233,488.0,2111.0,0.0005662514156285391
234,488.0,2398.0,0.0005662514156285391
235,489.0,2220.0,0.0005662514156285391
236,489.0,3694.0,0.0005662514156285391
237,490.0,3278.0,0.0005662514156285391
238,491.0,2192.0,0.0005662514156285391
239,491.0,2211.0,0.0005662514156285391
240,493.0,495.0,0.0005662514156285391
241,493.0,3855.0,0.0005662514156285391
242,494.0,2111.0,0.0005662514156285391
243,495.0,535.0,0.0005662514156285391
244,495.0,1351.0,0.0005662514156285391
245,495.0,2064.0,0.0005662514156285391
246,495.0,2145.0,0.0005662514156285391
247,496.0,883.0,0.0005662514156285391
248,500.0,3404.0,0.0005662514156285391
249,505.0,1552.0,0.0005662514156285391
250,505.0,2721.0,0.0005662514156285391
251,505.0,3694.0,0.0005662514156285391
252,519.0,2126.0,0.0005662514156285391
253,525.0,3572.0,0.0005662514156285391
254,532.0,3405.0,0.0005662514156285391
255,533.0,40.0,0.0005662514156285391
256,533.0,1101.0,0.0005662514156285391
257,533.0,1351.0,0.0005662514156285391
258,533.0,1547.0,0.0005662514156285391
259,534.0,185.0,0.0005662514156285391
260,534.0,532.0,0.0005662514156285391
261,534.0,2431.0,0.0005662514156285391
262,535.0,630.0,0.0005662514156285391
263,535.0,1374.0,0.0005662514156285391
264,535.0,3404.0,0.0005662514156285391
265,539.0,291.0,0.0005662514156285391
266,539.0,803.0,0.0005662514156285391
267,539.0,2219.0,0.0005662514156285391
268,544.0,804.0,0.0005662514156285391
269,544.0,1382.0,0.0005662514156285391
270,544.0,1550.0,0.0005662514156285391
271,546.0,1078.0,0.0005662514156285391
272,546.0,2219.0,0.0005662514156285391
273,548.0,803.0,0.0005662514156285391
274,549.0,2159.0,0.0005662514156285391
275,557.0,2388.0,0.0005662514156285391
276,557.0,2636.0,0.0005662514156285391
277,558.0,1085.0,0.0005662514156285391
278,571.0,3694.0,0.0005662514156285391
279,573.0,2112.0,0.0005662514156285391
280,575.0,535.0,0.0005662514156285391
281,592.0,1280.0,0.0005662514156285391
282,592.0,3694.0,0.0005662514156285391
283,598.0,2388.0,0.0005662514156285391
284,599.0,1318.0,0.0005662514156285391
285,604.0,1342.0,0.0005662514156285391
286,604.0,1382.0,0.0005662514156285391
287,606.0,1085.0,0.0005662514156285391
288,606.0,1311.0,0.0005662514156285391
289,606.0,3694.0,0.0005662514156285391
290,609.0,379.0,0.0005662514156285391
291,609.0,469.0,0.0005662514156285391
292,609.0,630.0,0.0005662514156285391
293,629.0,2722.0,0.0005662514156285391
294,630.0,490.0,0.0005662514156285391
295,630.0,1179.0,0.0005662514156285391
296,630.0,2369.0,0.0005662514156285391
297,630.0,2648.0,0.0005662514156285391
298,630.0,2665.0,0.0005662514156285391
299,631.0,480.0,0.0005662514156285391
300,631.0,525.0,0.0005662514156285391
301,631.0,544.0,0.0005662514156285391
302,631.0,1569.0,0.0005662514156285391
303,631.0,2691.0,0.0005662514156285391
304,632.0,56.0,0.0005662514156285391
305,632.0,2400.0,0.0005662514156285391
306,633.0,38.0,0.0005662514156285391
307,633.0,488.0,0.0005662514156285391
308,633.0,1085.0,0.0005662514156285391
309,634.0,1040.0,0.0005662514156285391
310,634.0,1547.0,0.0005662514156285391
311,634.0,2041.0,0.0005662514156285391
312,634.0,2146.0,0.0005662514156285391
313,678.0,804.0,0.0005662514156285391
314,678.0,1085.0,0.0005662514156285391
315,685.0,4.0,0.0005662514156285391
316,690.0,720.0,0.0005662514156285391
317,716.0,3389.0,0.0005662514156285391
318,719.0,874.0,0.0005662514156285391
319,719.0,2059.0,0.0005662514156285391
320,720.0,495.0,0.0005662514156285391
321,720.0,2589.0,0.0005662514156285391
322,722.0,1085.0,0.0005662514156285391
323,722.0,1547.0,0.0005662514156285391
324,733.0,1489.0,0.0005662514156285391
325,733.0,2386.0,0.0005662514156285391
326,741.0,2386.0,0.0005662514156285391
327,751.0,1133.0,0.0005662514156285391
328,751.0,2236.0,0.0005662514156285391
329,757.0,1310.0,0.0005662514156285391
330,760.0,131.0,0.0005662514156285391
331,760.0,824.0,0.0005662514156285391
332,760.0,3279.0,0.0005662514156285391
333,761.0,1085.0,0.0005662514156285391
334,761.0,1567.0,0.0005662514156285391
335,761.0,3279.0,0.0005662514156285391
336,761.0,3694.0,0.0005662514156285391
337,762.0,3621.0,0.0005662514156285391
338,766.0,1431.0,0.0005662514156285391
339,767.0,1579.0,0.0005662514156285391
340,767.0,2665.0,0.0005662514156285391
341,770.0,814.0,0.0005662514156285391
342,777.0,863.0,0.0005662514156285391
343,777.0,2093.0,0.0005662514156285391
344,777.0,2220.0,0.0005662514156285391
345,785.0,161.0,0.0005662514156285391
346,785.0,1784.0,0.0005662514156285391
347,786.0,2251.0,0.0005662514156285391
348,791.0,3411.0,0.0005662514156285391
349,803.0,991.0,0.0005662514156285391
350,803.0,1085.0,0.0005662514156285391
351,803.0,1331.0,0.0005662514156285391
352,803.0,2234.0,0.0005662514156285391
353,804.0,1269.0,0.0005662514156285391
354,807.0,185.0,0.0005662514156285391
355,810.0,1085.0,0.0005662514156285391
356,810.0,1900.0,0.0005662514156285391
357,810.0,3381.0,0.0005662514156285391
358,811.0,3650.0,0.0005662514156285391
359,812.0,2245.0,0.0005662514156285391
360,812.0,2665.0,0.0005662514156285391
361,813.0,411.0,0.0005662514156285391
362,813.0,487.0,0.0005662514156285391
363,813.0,716.0,0.0005662514156285391
364,813.0,3404.0,0.0005662514156285391
365,814.0,194.0,0.0005662514156285391
366,814.0,427.0,0.0005662514156285391
367,814.0,760.0,0.0005662514156285391
368,814.0,1504.0,0.0005662514156285391
369,823.0,411.0,0.0005662514156285391
370,823.0,468.0,0.0005662514156285391
371,823.0,1451.0,0.0005662514156285391
372,823.0,1772.0,0.0005662514156285391
373,823.0,2218.0,0.0005662514156285391
374,823.0,2610.0,0.0005662514156285391
375,823.0,2665.0,0.0005662514156285391
376,824.0,39.0,0.0005662514156285391
377,824.0,678.0,0.0005662514156285391
378,824.0,733.0,0.0005662514156285391
379,824.0,860.0,0.0005662514156285391
380,824.0,1078.0,0.0005662514156285391
381,824.0,1099.0,0.0005662514156285391
382,824.0,1454.0,0.0005662514156285391
383,824.0,1583.0,0.0005662514156285391
384,824.0,2228.0,0.0005662514156285391
385,824.0,2404.0,0.0005662514156285391
386,824.0,3214.0,0.0005662514156285391
387,827.0,477.0,0.0005662514156285391
388,830.0,763.0,0.0005662514156285391
389,830.0,1746.0,0.0005662514156285391
390,830.0,1748.0,0.0005662514156285391
391,832.0,1051.0,0.0005662514156285391
392,835.0,1050.0,0.0005662514156285391
393,837.0,823.0,0.0005662514156285391
394,837.0,2109.0,0.0005662514156285391
395,840.0,2743.0,0.0005662514156285391
396,840.0,3279.0,0.0005662514156285391
397,843.0,1085.0,0.0005662514156285391
398,849.0,1093.0,0.0005662514156285391
399,849.0,3296.0,0.0005662514156285391
400,849.0,3300.0,0.0005662514156285391
401,852.0,3212.0,0.0005662514156285391
402,854.0,890.0,0.0005662514156285391
403,854.0,1470.0,0.0005662514156285391
404,854.0,3207.0,0.0005662514156285391
405,857.0,994.0,0.0005662514156285391
406,860.0,464.0,0.0005662514156285391
407,860.0,630.0,0.0005662514156285391
408,860.0,1121.0,0.0005662514156285391
409,860.0,1735.0,0.0005662514156285391
410,860.0,2243.0,0.0016987542468856172
411,860.0,2386.0,0.0011325028312570782
412,863.0,55.0,0.0005662514156285391
413,863.0,1080.0,0.0005662514156285391
414,863.0,1085.0,0.0005662514156285391
415,863.0,3304.0,0.0005662514156285391
416,864.0,1373.0,0.0005662514156285391
417,865.0,35.0,0.0005662514156285391
418,865.0,1080.0,0.0005662514156285391
419,865.0,1179.0,0.0005662514156285391
420,865.0,1773.0,0.0005662514156285391
421,865.0,3628.0,0.0005662514156285391
422,866.0,2142.0,0.0005662514156285391
423,866.0,2363.0,0.0005662514156285391
424,866.0,3694.0,0.0005662514156285391
425,867.0,2143.0,0.0005662514156285391
426,877.0,1785.0,0.0005662514156285391
427,878.0,82.0,0.0005662514156285391
428,878.0,762.0,0.0005662514156285391
429,878.0,794.0,0.0011325028312570782
430,878.0,1085.0,0.0005662514156285391
431,878.0,1555.0,0.0005662514156285391
432,878.0,2119.0,0.0005662514156285391
433,878.0,3290.0,0.0005662514156285391
434,878.0,3370.0,0.0005662514156285391
435,878.0,3628.0,0.0005662514156285391
436,881.0,3384.0,0.0005662514156285391
437,883.0,1085.0,0.0005662514156285391
438,883.0,3389.0,0.0005662514156285391
439,884.0,1348.0,0.0005662514156285391
440,885.0,1366.0,0.0005662514156285391
441,885.0,2218.0,0.0005662514156285391
442,885.0,3694.0,0.0011325028312570782
443,890.0,877.0,0.0005662514156285391
444,892.0,766.0,0.0005662514156285391
445,892.0,823.0,0.0005662514156285391
446,892.0,1182.0,0.0005662514156285391
447,893.0,2363.0,0.0005662514156285391
448,893.0,3444.0,0.0005662514156285391
449,893.0,3694.0,0.0005662514156285391
450,955.0,3508.0,0.0005662514156285391
451,959.0,3694.0,0.0028312570781426952
452,959.0,3835.0,0.0005662514156285391
453,961.0,1085.0,0.0005662514156285391
454,970.0,1085.0,0.0005662514156285391
455,973.0,1035.0,0.0005662514156285391
456,983.0,1085.0,0.0005662514156285391
457,984.0,3694.0,0.0005662514156285391
458,990.0,776.0,0.0005662514156285391
459,991.0,1774.0,0.0005662514156285391
460,992.0,761.0,0.0005662514156285391
461,993.0,1048.0,0.0005662514156285391
462,993.0,1085.0,0.0005662514156285391
463,993.0,1999.0,0.0005662514156285391
464,993.0,2127.0,0.0005662514156285391
465,993.0,3285.0,0.0005662514156285391
466,993.0,3304.0,0.0005662514156285391
467,993.0,3624.0,0.0005662514156285391
468,994.0,1782.0,0.0005662514156285391
469,995.0,3300.0,0.0005662514156285391
470,997.0,365.0,0.0005662514156285391
471,1002.0,1085.0,0.0005662514156285391
472,1002.0,2220.0,0.0005662514156285391
473,1002.0,2693.0,0.0005662514156285391
474,1005.0,2142.0,0.0005662514156285391
475,1007.0,1179.0,0.0005662514156285391
476,1012.0,2400.0,0.0005662514156285391
477,1015.0,2431.0,0.0005662514156285391
478,1015.0,2646.0,0.0005662514156285391
479,1016.0,40.0,0.0005662514156285391
480,1016.0,131.0,0.0005662514156285391
481,1016.0,132.0,0.0005662514156285391
482,1016.0,1085.0,0.0005662514156285391
483,1016.0,1321.0,0.0005662514156285391
484,1020.0,477.0,0.0005662514156285391
485,1020.0,532.0,0.0005662514156285391
486,1022.0,3300.0,0.0005662514156285391
487,1022.0,3304.0,0.0005662514156285391
488,1022.0,3610.0,0.0005662514156285391
489,1023.0,1350.0,0.0005662514156285391
490,1023.0,2396.0,0.0005662514156285391
491,1023.0,3570.0,0.0005662514156285391
492,1025.0,1000.0,0.0005662514156285391
493,1025.0,1068.0,0.0005662514156285391
494,1028.0,761.0,0.0005662514156285391
495,1028.0,3291.0,0.0005662514156285391
496,1029.0,1071.0,0.0005662514156285391
497,1029.0,2148.0,0.0005662514156285391
498,1031.0,1547.0,0.0005662514156285391
499,1033.0,1547.0,0.0005662514156285391
500,1033.0,3596.0,0.0005662514156285391
501,1035.0,1085.0,0.0011325028312570782
502,1035.0,3664.0,0.0005662514156285391
503,1040.0,3664.0,0.0005662514156285391
504,1044.0,1350.0,0.0005662514156285391
505,1044.0,2218.0,0.0005662514156285391
506,1047.0,2650.0,0.0005662514156285391
507,1047.0,3190.0,0.0005662514156285391
508,1047.0,3303.0,0.0005662514156285391
509,1047.0,3594.0,0.0005662514156285391
510,1048.0,292.0,0.0005662514156285391
511,1048.0,546.0,0.0005662514156285391
512,1048.0,3404.0,0.0005662514156285391
513,1049.0,3300.0,0.0005662514156285391
514,1050.0,38.0,0.0005662514156285391
515,1050.0,835.0,0.0005662514156285391
516,1050.0,3694.0,0.0005662514156285391
517,1051.0,438.0,0.0005662514156285391
518,1051.0,3381.0,0.0005662514156285391
519,1051.0,3384.0,0.0005662514156285391
520,1052.0,1547.0,0.0005662514156285391
521,1052.0,2243.0,0.0011325028312570782
522,1052.0,3591.0,0.0005662514156285391
523,1058.0,1657.0,0.0005662514156285391
524,1058.0,2803.0,0.0005662514156285391
525,1058.0,3269.0,0.0005662514156285391
526,1061.0,3384.0,0.0005662514156285391
527,1063.0,1051.0,0.0005662514156285391
528,1063.0,2400.0,0.0005662514156285391
529,1063.0,3664.0,0.0005662514156285391
530,1066.0,776.0,0.0005662514156285391
531,1066.0,798.0,0.0005662514156285391
532,1066.0,884.0,0.0005662514156285391
533,1066.0,1085.0,0.0005662514156285391
534,1066.0,1355.0,0.0005662514156285391
535,1066.0,1757.0,0.0005662514156285391
536,1066.0,3269.0,0.0005662514156285391
537,1066.0,3664.0,0.0005662514156285391
538,1066.0,3694.0,0.0005662514156285391
539,1067.0,487.0,0.0005662514156285391
540,1067.0,776.0,0.0005662514156285391
541,1067.0,3624.0,0.0005662514156285391
542,1068.0,1085.0,0.0011325028312570782
543,1069.0,763.0,0.0005662514156285391
544,1069.0,1031.0,0.0005662514156285391
545,1069.0,1093.0,0.0005662514156285391
546,1069.0,1096.0,0.0005662514156285391
547,1069.0,1579.0,0.0005662514156285391
548,1069.0,3619.0,0.0005662514156285391
549,1070.0,477.0,0.0005662514156285391
550,1070.0,532.0,0.0005662514156285391
551,1070.0,1077.0,0.0005662514156285391
552,1070.0,1085.0,0.0005662514156285391
553,1070.0,1222.0,0.0005662514156285391
554,1070.0,1547.0,0.0005662514156285391
555,1070.0,1738.0,0.0005662514156285391
556,1070.0,1773.0,0.0005662514156285391
557,1070.0,1900.0,0.0005662514156285391
558,1070.0,2386.0,0.0005662514156285391
559,1070.0,2400.0,0.0005662514156285391
560,1070.0,2404.0,0.0005662514156285391
561,1070.0,2721.0,0.0005662514156285391
562,1071.0,3624.0,0.0005662514156285391
563,1072.0,365.0,0.0005662514156285391
564,1072.0,484.0,0.0005662514156285391
565,1072.0,532.0,0.0005662514156285391
566,1072.0,1066.0,0.0005662514156285391
567,1072.0,1744.0,0.0005662514156285391
568,1074.0,2404.0,0.0005662514156285391
569,1074.0,2671.0,0.0005662514156285391
570,1075.0,532.0,0.0005662514156285391
571,1075.0,3218.0,0.0005662514156285391
572,1076.0,1085.0,0.0005662514156285391
573,1076.0,1329.0,0.0005662514156285391
574,1076.0,2143.0,0.0005662514156285391
575,1076.0,2697.0,0.0005662514156285391
576,1077.0,153.0,0.0005662514156285391
577,1077.0,990.0,0.0005662514156285391
578,1077.0,1322.0,0.0005662514156285391
579,1077.0,1747.0,0.0005662514156285391
580,1077.0,2721.0,0.0005662514156285391
581,1078.0,1048.0,0.0005662514156285391
582,1078.0,1728.0,0.0005662514156285391
583,1078.0,1817.0,0.0005662514156285391
584,1078.0,2332.0,0.0005662514156285391
585,1078.0,3694.0,0.0005662514156285391
586,1085.0,379.0,0.0005662514156285391
587,1085.0,411.0,0.0005662514156285391
588,1085.0,487.0,0.0005662514156285391
589,1085.0,763.0,0.0016987542468856172
590,1085.0,882.0,0.0005662514156285391
591,1085.0,892.0,0.0005662514156285391
592,1085.0,1065.0,0.0005662514156285391
593,1085.0,1094.0,0.0005662514156285391
594,1085.0,1363.0,0.0005662514156285391
595,1085.0,1382.0,0.0005662514156285391
596,1085.0,1579.0,0.0005662514156285391
597,1085.0,1773.0,0.0005662514156285391
598,1085.0,2111.0,0.0005662514156285391
599,1085.0,2218.0,0.0005662514156285391
600,1085.0,2243.0,0.0005662514156285391
601,1085.0,2665.0,0.0005662514156285391
602,1085.0,2697.0,0.0011325028312570782
603,1085.0,3269.0,0.0005662514156285391
604,1085.0,3307.0,0.0005662514156285391
605,1085.0,3694.0,0.0011325028312570782
606,1087.0,2400.0,0.0005662514156285391
607,1087.0,3355.0,0.0005662514156285391
608,1089.0,2386.0,0.0005662514156285391
609,1093.0,885.0,0.0005662514156285391
610,1095.0,477.0,0.0005662514156285391
611,1095.0,3035.0,0.0005662514156285391
612,1096.0,1085.0,0.0005662514156285391
613,1101.0,994.0,0.0005662514156285391
614,1121.0,1070.0,0.0005662514156285391
615,1122.0,3200.0,0.0005662514156285391
616,1126.0,1085.0,0.0005662514156285391
617,1126.0,1728.0,0.0005662514156285391
618,1127.0,479.0,0.0005662514156285391
619,1127.0,1085.0,0.0005662514156285391
620,1133.0,479.0,0.0005662514156285391
621,1133.0,1052.0,0.0005662514156285391
622,1134.0,1330.0,0.0005662514156285391
623,1134.0,2096.0,0.0005662514156285391
624,1135.0,2111.0,0.0005662514156285391
625,1135.0,2665.0,0.0005662514156285391
626,1137.0,1993.0,0.0005662514156285391
627,1138.0,1085.0,0.0005662514156285391
628,1138.0,1162.0,0.0005662514156285391
629,1138.0,1744.0,0.0005662514156285391
630,1138.0,2328.0,0.0005662514156285391
631,1138.0,2697.0,0.0005662514156285391
632,1138.0,3226.0,0.0005662514156285391
633,1138.0,3384.0,0.0005662514156285391
634,1138.0,3694.0,0.0011325028312570782
635,1138.0,3829.0,0.0005662514156285391
636,1138.0,3840.0,0.0005662514156285391
637,1139.0,1784.0,0.0005662514156285391
638,1140.0,2330.0,0.0005662514156285391
639,1172.0,1548.0,0.0005662514156285391
640,1173.0,130.0,0.0005662514156285391
641,1174.0,1217.0,0.0005662514156285391
642,1175.0,469.0,0.0005662514156285391
643,1178.0,3694.0,0.0005662514156285391
644,1179.0,803.0,0.0005662514156285391
645,1179.0,1350.0,0.0005662514156285391
646,1179.0,1583.0,0.0005662514156285391
647,1179.0,2143.0,0.0005662514156285391
648,1179.0,2641.0,0.0005662514156285391
649,1179.0,3384.0,0.0005662514156285391
650,1181.0,185.0,0.0005662514156285391
651,1182.0,131.0,0.0005662514156285391
652,1182.0,151.0,0.0005662514156285391
653,1182.0,399.0,0.0005662514156285391
654,1182.0,1331.0,0.0005662514156285391
655,1182.0,1332.0,0.0005662514156285391
656,1182.0,1547.0,0.0005662514156285391
657,1182.0,2203.0,0.0005662514156285391
658,1182.0,2363.0,0.0005662514156285391
659,1182.0,2390.0,0.0005662514156285391
660,1182.0,3694.0,0.0005662514156285391
661,1183.0,2665.0,0.0005662514156285391
662,1184.0,176.0,0.0005662514156285391
663,1184.0,1198.0,0.0005662514156285391
664,1184.0,2211.0,0.0005662514156285391
665,1184.0,3278.0,0.0005662514156285391
666,1185.0,630.0,0.0005662514156285391
667,1185.0,1773.0,0.0005662514156285391
668,1186.0,479.0,0.0005662514156285391
669,1186.0,1085.0,0.0005662514156285391
670,1186.0,2652.0,0.0005662514156285391
671,1186.0,2762.0,0.0005662514156285391
672,1186.0,3404.0,0.0005662514156285391
673,1191.0,1200.0,0.0005662514156285391
674,1213.0,488.0,0.0005662514156285391
675,1213.0,535.0,0.0005662514156285391
676,1213.0,2112.0,0.0005662514156285391
677,1213.0,3269.0,0.0005662514156285391
678,1218.0,161.0,0.0005662514156285391
679,1218.0,3575.0,0.0005662514156285391
680,1227.0,132.0,0.0005662514156285391
681,1227.0,2670.0,0.0005662514156285391
682,1230.0,1099.0,0.0005662514156285391
683,1230.0,2111.0,0.0005662514156285391
684,1230.0,3405.0,0.0005662514156285391
685,1231.0,1048.0,0.0005662514156285391
686,1231.0,2693.0,0.0005662514156285391
687,1232.0,2386.0,0.0005662514156285391
688,1236.0,81.0,0.0005662514156285391
689,1236.0,1555.0,0.0005662514156285391
690,1246.0,1297.0,0.0005662514156285391
691,1269.0,1182.0,0.0005662514156285391
692,1269.0,2256.0,0.0005662514156285391
693,1277.0,1579.0,0.0005662514156285391
694,1277.0,3270.0,0.0005662514156285391
695,1277.0,3694.0,0.0005662514156285391
696,1280.0,438.0,0.0005662514156285391
697,1280.0,1085.0,0.0011325028312570782
698,1280.0,1348.0,0.0005662514156285391
699,1280.0,1529.0,0.0005662514156285391
700,1280.0,2657.0,0.0005662514156285391
701,1283.0,477.0,0.0005662514156285391
702,1285.0,38.0,0.0005662514156285391
703,1285.0,2043.0,0.0005662514156285391
704,1286.0,496.0,0.0005662514156285391
705,1286.0,1085.0,0.0011325028312570782
706,1286.0,1182.0,0.0005662514156285391
707,1286.0,1332.0,0.0005662514156285391
708,1286.0,1567.0,0.0005662514156285391
709,1286.0,1863.0,0.0005662514156285391
710,1286.0,2400.0,0.0005662514156285391
711,1286.0,3694.0,0.0005662514156285391
712,1296.0,3694.0,0.0005662514156285391
713,1297.0,867.0,0.0005662514156285391
714,1298.0,1085.0,0.0005662514156285391
715,1298.0,1280.0,0.0005662514156285391
716,1298.0,1351.0,0.0005662514156285391
717,1298.0,2363.0,0.0005662514156285391
718,1298.0,3373.0,0.0005662514156285391
719,1300.0,189.0,0.0005662514156285391
720,1304.0,1735.0,0.0005662514156285391
721,1304.0,1783.0,0.0005662514156285391
722,1304.0,1817.0,0.0005662514156285391
723,1304.0,2211.0,0.0005662514156285391
724,1306.0,3384.0,0.0005662514156285391
725,1309.0,1280.0,0.0005662514156285391
726,1309.0,1900.0,0.0005662514156285391
727,1310.0,187.0,0.0005662514156285391
728,1310.0,1332.0,0.0005662514156285391
729,1310.0,1376.0,0.0005662514156285391
730,1315.0,3694.0,0.0005662514156285391
731,1316.0,609.0,0.0005662514156285391
732,1317.0,1783.0,0.0005662514156285391
733,1318.0,1085.0,0.0005662514156285391
734,1319.0,3367.0,0.0005662514156285391
735,1321.0,487.0,0.0005662514156285391
736,1321.0,2692.0,0.0005662514156285391
737,1322.0,487.0,0.0005662514156285391
738,1322.0,1267.0,0.0005662514156285391
739,1322.0,2389.0,0.0005662514156285391
740,1324.0,131.0,0.0005662514156285391
741,1324.0,2721.0,0.0005662514156285391
742,1324.0,3278.0,0.0005662514156285391
743,1327.0,1071.0,0.0005662514156285391
744,1327.0,1331.0,0.0005662514156285391
745,1327.0,2221.0,0.0005662514156285391
746,1327.0,2232.0,0.0005662514156285391
747,1327.0,2388.0,0.0005662514156285391
748,1327.0,3278.0,0.0005662514156285391
749,1327.0,3283.0,0.0005662514156285391
750,1327.0,3402.0,0.0005662514156285391
751,1327.0,3404.0,0.0005662514156285391
752,1328.0,1572.0,0.0005662514156285391
753,1329.0,1364.0,0.0005662514156285391
754,1331.0,478.0,0.0005662514156285391
755,1331.0,892.0,0.0005662514156285391
756,1331.0,1080.0,0.0005662514156285391
757,1331.0,1085.0,0.0005662514156285391
758,1331.0,1362.0,0.0005662514156285391
759,1331.0,1370.0,0.0005662514156285391
760,1331.0,2111.0,0.0005662514156285391
761,1331.0,2400.0,0.0005662514156285391
762,1331.0,3269.0,0.0005662514156285391
763,1331.0,3384.0,0.0005662514156285391
764,1331.0,3694.0,0.0005662514156285391
765,1332.0,3382.0,0.0005662514156285391
766,1333.0,469.0,0.0005662514156285391
767,1339.0,186.0,0.0005662514156285391
768,1339.0,1085.0,0.0005662514156285391
769,1341.0,56.0,0.0005662514156285391
770,1342.0,535.0,0.0005662514156285391
771,1342.0,585.0,0.0005662514156285391
772,1342.0,1085.0,0.0005662514156285391
773,1342.0,1362.0,0.0005662514156285391
774,1342.0,2400.0,0.0005662514156285391
775,1343.0,1072.0,0.0005662514156285391
776,1343.0,1547.0,0.0005662514156285391
777,1343.0,1580.0,0.0005662514156285391
778,1343.0,3694.0,0.0005662514156285391
779,1344.0,120.0,0.0005662514156285391
780,1346.0,2111.0,0.0005662514156285391
781,1348.0,77.0,0.0005662514156285391
782,1348.0,461.0,0.0005662514156285391
783,1348.0,532.0,0.0005662514156285391
784,1348.0,1051.0,0.0005662514156285391
785,1348.0,1332.0,0.0005662514156285391
786,1348.0,1351.0,0.0005662514156285391
787,1348.0,1550.0,0.0005662514156285391
788,1348.0,1785.0,0.0005662514156285391
789,1348.0,3694.0,0.0005662514156285391
790,1350.0,128.0,0.0005662514156285391
791,1350.0,167.0,0.0005662514156285391
792,1350.0,479.0,0.0005662514156285391
793,1350.0,488.0,0.0005662514156285391
794,1350.0,549.0,0.0005662514156285391
795,1350.0,1300.0,0.0005662514156285391
796,1350.0,1311.0,0.0005662514156285391
797,1350.0,2206.0,0.0005662514156285391
798,1350.0,2431.0,0.0005662514156285391
799,1350.0,3269.0,0.0005662514156285391
800,1350.0,3384.0,0.0005662514156285391
801,1351.0,844.0,0.0005662514156285391
802,1351.0,1280.0,0.0005662514156285391
803,1351.0,2219.0,0.0005662514156285391
804,1351.0,2220.0,0.0005662514156285391
805,1351.0,3382.0,0.0005662514156285391
806,1351.0,3694.0,0.0005662514156285391
807,1352.0,1085.0,0.0005662514156285391
808,1352.0,1366.0,0.0005662514156285391
809,1354.0,850.0,0.0005662514156285391
810,1355.0,487.0,0.0005662514156285391
811,1355.0,532.0,0.0005662514156285391
812,1355.0,813.0,0.0005662514156285391
813,1355.0,1048.0,0.0005662514156285391
814,1355.0,1269.0,0.0005662514156285391
815,1355.0,1363.0,0.0005662514156285391
816,1355.0,1784.0,0.0005662514156285391
817,1355.0,2404.0,0.0011325028312570782
818,1355.0,3384.0,0.0005662514156285391
819,1355.0,3390.0,0.0005662514156285391
820,1355.0,3664.0,0.0005662514156285391
821,1360.0,2211.0,0.0005662514156285391
822,1362.0,1280.0,0.0005662514156285391
823,1362.0,2208.0,0.0005662514156285391
824,1363.0,1052.0,0.0005662514156285391
825,1363.0,1085.0,0.0005662514156285391
826,1363.0,3694.0,0.0005662514156285391
827,1364.0,35.0,0.0005662514156285391
828,1364.0,131.0,0.0005662514156285391
829,1364.0,477.0,0.0005662514156285391
830,1364.0,1350.0,0.0005662514156285391
831,1364.0,2126.0,0.0005662514156285391
832,1364.0,3849.0,0.0005662514156285391
833,1365.0,1085.0,0.0005662514156285391
834,1365.0,2142.0,0.0005662514156285391
835,1365.0,3694.0,0.0005662514156285391
836,1366.0,7.0,0.0011325028312570782
837,1366.0,38.0,0.0005662514156285391
838,1366.0,776.0,0.0005662514156285391
839,1366.0,803.0,0.0005662514156285391
840,1366.0,2196.0,0.0005662514156285391
841,1367.0,469.0,0.0005662514156285391
842,1367.0,2143.0,0.0005662514156285391
843,1367.0,3291.0,0.0005662514156285391
844,1368.0,3694.0,0.0005662514156285391
845,1370.0,686.0,0.0005662514156285391
846,1370.0,803.0,0.0005662514156285391
847,1370.0,1048.0,0.0005662514156285391
848,1370.0,1085.0,0.0005662514156285391
849,1370.0,1348.0,0.0005662514156285391
850,1370.0,2358.0,0.0005662514156285391
851,1370.0,3278.0,0.0005662514156285391
852,1371.0,469.0,0.0005662514156285391
853,1373.0,720.0,0.0005662514156285391
854,1373.0,763.0,0.0005662514156285391
855,1373.0,804.0,0.0005662514156285391
856,1373.0,1070.0,0.0005662514156285391
857,1373.0,1271.0,0.0005662514156285391
858,1374.0,179.0,0.0005662514156285391
859,1374.0,535.0,0.0005662514156285391
860,1374.0,878.0,0.0005662514156285391
861,1374.0,2400.0,0.0005662514156285391
862,1374.0,2658.0,0.0005662514156285391
863,1374.0,3621.0,0.0005662514156285391
864,1374.0,3744.0,0.0005662514156285391
865,1376.0,3694.0,0.0005662514156285391
866,1377.0,803.0,0.0005662514156285391
867,1377.0,2357.0,0.0005662514156285391
868,1381.0,79.0,0.0005662514156285391
869,1382.0,2388.0,0.0005662514156285391
870,1390.0,1085.0,0.0005662514156285391
871,1395.0,3651.0,0.0005662514156285391
872,1395.0,3694.0,0.0005662514156285391
873,1396.0,115.0,0.0005662514156285391
874,1396.0,164.0,0.0005662514156285391
875,1396.0,2388.0,0.0005662514156285391
876,1431.0,77.0,0.0005662514156285391
877,1444.0,120.0,0.0005662514156285391
878,1446.0,3212.0,0.0005662514156285391
879,1447.0,2019.0,0.0005662514156285391
880,1453.0,2234.0,0.0005662514156285391
881,1453.0,3432.0,0.0005662514156285391
882,1454.0,719.0,0.0005662514156285391
883,1454.0,2111.0,0.0005662514156285391
884,1456.0,761.0,0.0005662514156285391
885,1461.0,1310.0,0.0005662514156285391
886,1465.0,58.0,0.0005662514156285391
887,1465.0,2316.0,0.0005662514156285391
888,1469.0,813.0,0.0005662514156285391
889,1470.0,803.0,0.0005662514156285391
890,1475.0,2023.0,0.0005662514156285391
891,1489.0,3404.0,0.0005662514156285391
892,1493.0,2018.0,0.0005662514156285391
893,1505.0,803.0,0.0005662514156285391
894,1508.0,2391.0,0.0005662514156285391
895,1519.0,1311.0,0.0005662514156285391
896,1525.0,690.0,0.0005662514156285391
897,1526.0,803.0,0.0005662514156285391
898,1535.0,824.0,0.0005662514156285391
899,1547.0,1311.0,0.0005662514156285391
900,1547.0,1785.0,0.0005662514156285391
901,1547.0,1817.0,0.0005662514156285391
902,1547.0,1925.0,0.0005662514156285391
903,1547.0,3694.0,0.0005662514156285391
904,1548.0,532.0,0.0005662514156285391
905,1548.0,3694.0,0.0005662514156285391
906,1549.0,1547.0,0.0005662514156285391
907,1549.0,3384.0,0.0005662514156285391
908,1555.0,393.0,0.0005662514156285391
909,1555.0,1548.0,0.0005662514156285391
910,1556.0,1080.0,0.0005662514156285391
911,1556.0,1085.0,0.0005662514156285391
912,1556.0,2641.0,0.0005662514156285391
913,1556.0,3381.0,0.0005662514156285391
914,1557.0,1280.0,0.0005662514156285391
915,1558.0,1078.0,0.0005662514156285391
916,1559.0,1085.0,0.0005662514156285391
917,1562.0,487.0,0.0005662514156285391
918,1562.0,1547.0,0.0005662514156285391
919,1562.0,3404.0,0.0005662514156285391
920,1563.0,1784.0,0.0005662514156285391
921,1567.0,187.0,0.0005662514156285391
922,1567.0,1244.0,0.0005662514156285391
923,1567.0,1925.0,0.0005662514156285391
924,1567.0,2218.0,0.0005662514156285391
925,1567.0,2245.0,0.0005662514156285391
926,1567.0,2721.0,0.0005662514156285391
927,1567.0,3278.0,0.0005662514156285391
928,1568.0,1572.0,0.0005662514156285391
929,1569.0,432.0,0.0005662514156285391
930,1569.0,627.0,0.0005662514156285391
931,1569.0,1573.0,0.0005662514156285391
932,1569.0,1772.0,0.0011325028312570782
933,1569.0,2358.0,0.0005662514156285391
934,1570.0,493.0,0.0005662514156285391
935,1570.0,1085.0,0.0005662514156285391
936,1573.0,1431.0,0.0005662514156285391
937,1574.0,1077.0,0.0005662514156285391
938,1574.0,1179.0,0.0005662514156285391
939,1574.0,1219.0,0.0005662514156285391
940,1574.0,1331.0,0.0011325028312570782
941,1574.0,3404.0,0.0005662514156285391
942,1578.0,1572.0,0.0005662514156285391
943,1579.0,2665.0,0.0005662514156285391
944,1580.0,1085.0,0.0005662514156285391
945,1580.0,1364.0,0.0005662514156285391
946,1580.0,1580.0,0.0005662514156285391
947,1580.0,2220.0,0.0005662514156285391
948,1580.0,3465.0,0.0005662514156285391
949,1581.0,1085.0,0.0005662514156285391
950,1581.0,2043.0,0.0005662514156285391
951,1583.0,892.0,0.0005662514156285391
952,1583.0,1304.0,0.0005662514156285391
953,1587.0,763.0,0.0005662514156285391
954,1587.0,1071.0,0.0005662514156285391
955,1588.0,1085.0,0.0005662514156285391
956,1588.0,2697.0,0.0005662514156285391
957,1596.0,2386.0,0.0011325028312570782
958,1596.0,2665.0,0.0005662514156285391
959,1596.0,3694.0,0.0005662514156285391
960,1607.0,1323.0,0.0005662514156285391
961,1725.0,763.0,0.0005662514156285391
962,1728.0,38.0,0.0005662514156285391
963,1728.0,1080.0,0.0005662514156285391
964,1731.0,3492.0,0.0005662514156285391
965,1735.0,78.0,0.0005662514156285391
966,1735.0,1080.0,0.0005662514156285391
967,1735.0,1280.0,0.0005662514156285391
968,1735.0,1785.0,0.0005662514156285391
969,1735.0,2665.0,0.0005662514156285391
970,1737.0,823.0,0.0005662514156285391
971,1737.0,1093.0,0.0005662514156285391
972,1738.0,487.0,0.0005662514156285391
973,1738.0,798.0,0.0005662514156285391
974,1738.0,1085.0,0.0005662514156285391
975,1738.0,2111.0,0.0005662514156285391
976,1738.0,2396.0,0.0005662514156285391
977,1739.0,1085.0,0.0011325028312570782
978,1739.0,1748.0,0.0005662514156285391
979,1739.0,2111.0,0.0005662514156285391
980,1739.0,2400.0,0.0005662514156285391
981,1739.0,2697.0,0.0005662514156285391
982,1739.0,3269.0,0.0005662514156285391
983,1740.0,1772.0,0.0005662514156285391
984,1740.0,2648.0,0.0005662514156285391
985,1741.0,1355.0,0.0005662514156285391
986,1741.0,3316.0,0.0005662514156285391
987,1746.0,1089.0,0.0005662514156285391
988,1746.0,1101.0,0.0005662514156285391
989,1747.0,1093.0,0.0005662514156285391
990,1747.0,2142.0,0.0005662514156285391
991,1747.0,2363.0,0.0005662514156285391
992,1748.0,79.0,0.0005662514156285391
993,1748.0,803.0,0.0005662514156285391
994,1748.0,1057.0,0.0005662514156285391
995,1748.0,1351.0,0.0005662514156285391
996,1748.0,3277.0,0.0005662514156285391
997,1750.0,77.0,0.0005662514156285391
998,1750.0,461.0,0.0005662514156285391
999,1750.0,776.0,0.0005662514156285391
1000,1750.0,830.0,0.0005662514156285391
1001,1750.0,1330.0,0.0005662514156285391
1002,1750.0,2111.0,0.0005662514156285391
1003,1752.0,500.0,0.0005662514156285391
1004,1752.0,3694.0,0.0005662514156285391
1005,1753.0,1746.0,0.0005662514156285391
1006,1754.0,40.0,0.0005662514156285391
1007,1754.0,1298.0,0.0005662514156285391
1008,1754.0,1331.0,0.0005662514156285391
1009,1754.0,1788.0,0.0005662514156285391
1010,1754.0,3384.0,0.0005662514156285391
1011,1754.0,3392.0,0.0005662514156285391
1012,1756.0,77.0,0.0005662514156285391
1013,1756.0,1080.0,0.0005662514156285391
1014,1757.0,754.0,0.0005662514156285391
1015,1761.0,427.0,0.0005662514156285391
1016,1761.0,885.0,0.0005662514156285391
1017,1761.0,1170.0,0.0005662514156285391
1018,1761.0,2636.0,0.0005662514156285391
1019,1763.0,153.0,0.0005662514156285391
1020,1763.0,477.0,0.0005662514156285391
1021,1763.0,496.0,0.0005662514156285391
1022,1763.0,1085.0,0.0005662514156285391
1023,1763.0,1093.0,0.0005662514156285391
1024,1763.0,1280.0,0.0005662514156285391
1025,1763.0,2195.0,0.0005662514156285391
1026,1763.0,2388.0,0.0011325028312570782
1027,1763.0,3624.0,0.0005662514156285391
1028,1763.0,3694.0,0.0005662514156285391
1029,1770.0,186.0,0.0005662514156285391
1030,1770.0,591.0,0.0005662514156285391
1031,1772.0,77.0,0.0005662514156285391
1032,1772.0,389.0,0.0005662514156285391
1033,1772.0,630.0,0.0005662514156285391
1034,1772.0,729.0,0.0005662514156285391
1035,1772.0,803.0,0.0005662514156285391
1036,1772.0,845.0,0.0005662514156285391
1037,1772.0,1085.0,0.0005662514156285391
1038,1772.0,1782.0,0.0011325028312570782
1039,1773.0,488.0,0.0005662514156285391
1040,1773.0,824.0,0.0005662514156285391
1041,1773.0,1728.0,0.0005662514156285391
1042,1773.0,2111.0,0.0005662514156285391
1043,1773.0,2142.0,0.0005662514156285391
1044,1773.0,3694.0,0.0005662514156285391
1045,1781.0,17.0,0.0005662514156285391
1046,1781.0,185.0,0.0005662514156285391
1047,1781.0,480.0,0.0005662514156285391
1048,1781.0,533.0,0.0005662514156285391
1049,1781.0,763.0,0.0005662514156285391
1050,1781.0,1085.0,0.0005662514156285391
1051,1781.0,1134.0,0.0005662514156285391
1052,1781.0,1341.0,0.0005662514156285391
1053,1781.0,1748.0,0.0005662514156285391
1054,1781.0,2234.0,0.0005662514156285391
1055,1781.0,3282.0,0.0005662514156285391
1056,1781.0,3694.0,0.0005662514156285391
1057,1782.0,496.0,0.0005662514156285391
1058,1782.0,791.0,0.0005662514156285391
1059,1782.0,2665.0,0.0005662514156285391
1060,1782.0,3381.0,0.0005662514156285391
1061,1783.0,2784.0,0.0005662514156285391
1062,1784.0,777.0,0.0005662514156285391
1063,1784.0,882.0,0.0005662514156285391
1064,1784.0,1213.0,0.0005662514156285391
1065,1784.0,1329.0,0.0005662514156285391
1066,1784.0,1547.0,0.0005662514156285391
1067,1784.0,1555.0,0.0005662514156285391
1068,1784.0,1773.0,0.0005662514156285391
1069,1784.0,3621.0,0.0005662514156285391
1070,1785.0,195.0,0.0005662514156285391
1071,1785.0,1236.0,0.0005662514156285391
1072,1785.0,1788.0,0.0005662514156285391
1073,1787.0,2233.0,0.0005662514156285391
1074,1791.0,1099.0,0.0005662514156285391
1075,1817.0,2111.0,0.0005662514156285391
1076,1817.0,3362.0,0.0005662514156285391
1077,1822.0,478.0,0.0005662514156285391
1078,1822.0,1831.0,0.0005662514156285391
1079,1822.0,2243.0,0.0005662514156285391
1080,1822.0,2384.0,0.0005662514156285391
1081,1822.0,3290.0,0.0005662514156285391
1082,1823.0,365.0,0.0005662514156285391
1083,1823.0,369.0,0.0005662514156285391
1084,1823.0,776.0,0.0005662514156285391
1085,1823.0,1782.0,0.0005662514156285391
1086,1823.0,3258.0,0.0005662514156285391
1087,1823.0,3404.0,0.0011325028312570782
1088,1823.0,3411.0,0.0005662514156285391
1089,1982.0,365.0,0.0005662514156285391
1090,1982.0,2223.0,0.0005662514156285391
1091,2005.0,507.0,0.0005662514156285391
1092,2035.0,3651.0,0.0005662514156285391
1093,2043.0,3695.0,0.0005662514156285391
1094,2048.0,3532.0,0.0005662514156285391
1095,2059.0,2043.0,0.0005662514156285391
1096,2109.0,35.0,0.0005662514156285391
1097,2111.0,75.0,0.0005662514156285391
1098,2111.0,993.0,0.0005662514156285391
1099,2111.0,1058.0,0.0005662514156285391
1100,2111.0,1085.0,0.0005662514156285391
1101,2111.0,2132.0,0.0005662514156285391
1102,2111.0,3694.0,0.0011325028312570782
1103,2112.0,2648.0,0.0005662514156285391
1104,2113.0,40.0,0.0005662514156285391
1105,2113.0,2208.0,0.0005662514156285391
1106,2113.0,2390.0,0.0005662514156285391
1107,2116.0,1579.0,0.0005662514156285391
1108,2119.0,2232.0,0.0005662514156285391
1109,2120.0,2093.0,0.0005662514156285391
1110,2120.0,2697.0,0.0005662514156285391
1111,2120.0,3412.0,0.0005662514156285391
1112,2121.0,3221.0,0.0005662514156285391
1113,2126.0,11.0,0.0005662514156285391
1114,2126.0,1048.0,0.0005662514156285391
1115,2126.0,1355.0,0.0005662514156285391
1116,2126.0,2388.0,0.0005662514156285391
1117,2126.0,2671.0,0.0005662514156285391
1118,2126.0,3411.0,0.0005662514156285391
1119,2127.0,1080.0,0.0005662514156285391
1120,2127.0,1085.0,0.0005662514156285391
1121,2127.0,3384.0,0.0005662514156285391
1122,2138.0,892.0,0.0005662514156285391
1123,2138.0,3694.0,0.0005662514156285391
1124,2142.0,2172.0,0.0005662514156285391
1125,2142.0,3306.0,0.0005662514156285391
1126,2142.0,3384.0,0.0005662514156285391
1127,2142.0,3447.0,0.0005662514156285391
1128,2143.0,631.0,0.0005662514156285391
1129,2143.0,804.0,0.0005662514156285391
1130,2143.0,1076.0,0.0005662514156285391
1131,2143.0,1085.0,0.0016987542468856172
1132,2143.0,1744.0,0.0005662514156285391
1133,2143.0,1787.0,0.0005662514156285391
1134,2143.0,2389.0,0.0011325028312570782
1135,2143.0,2671.0,0.0005662514156285391
1136,2143.0,3300.0,0.0005662514156285391
1137,2148.0,3404.0,0.0005662514156285391
1138,2155.0,3303.0,0.0005662514156285391
1139,2156.0,1078.0,0.0005662514156285391
1140,2159.0,1352.0,0.0005662514156285391
1141,2159.0,3694.0,0.0005662514156285391
1142,2166.0,131.0,0.0005662514156285391
1143,2176.0,469.0,0.0005662514156285391
1144,2178.0,485.0,0.0005662514156285391
1145,2178.0,3269.0,0.0005662514156285391
1146,2180.0,1085.0,0.0005662514156285391
1147,2183.0,1900.0,0.0005662514156285391
1148,2187.0,1580.0,0.0005662514156285391
1149,2188.0,2721.0,0.0005662514156285391
1150,2190.0,1773.0,0.0005662514156285391
1151,2190.0,2762.0,0.0005662514156285391
1152,2192.0,40.0,0.0005662514156285391
1153,2192.0,474.0,0.0005662514156285391
1154,2192.0,1784.0,0.0005662514156285391
1155,2193.0,1085.0,0.0011325028312570782
1156,2193.0,2388.0,0.0005662514156285391
1157,2193.0,3280.0,0.0005662514156285391
1158,2195.0,185.0,0.0005662514156285391
1159,2195.0,813.0,0.0005662514156285391
1160,2195.0,1068.0,0.0005662514156285391
1161,2195.0,2111.0,0.0005662514156285391
1162,2196.0,761.0,0.0005662514156285391
1163,2196.0,1384.0,0.0005662514156285391
1164,2196.0,2220.0,0.0005662514156285391
1165,2196.0,2388.0,0.0005662514156285391
1166,2196.0,3392.0,0.0005662514156285391
1167,2203.0,39.0,0.0005662514156285391
1168,2204.0,1085.0,0.0005662514156285391
1169,2204.0,1744.0,0.0005662514156285391
1170,2204.0,2111.0,0.0005662514156285391
1171,2204.0,2665.0,0.0005662514156285391
1172,2205.0,1015.0,0.0005662514156285391
1173,2205.0,3405.0,0.0005662514156285391
1174,2206.0,1755.0,0.0005662514156285391
1175,2207.0,1547.0,0.0011325028312570782
1176,2208.0,803.0,0.0005662514156285391
1177,2208.0,2665.0,0.0005662514156285391
1178,2209.0,11.0,0.0005662514156285391
1179,2209.0,127.0,0.0005662514156285391
1180,2209.0,803.0,0.0005662514156285391
1181,2209.0,1280.0,0.0005662514156285391
1182,2209.0,1783.0,0.0005662514156285391
1183,2209.0,3379.0,0.0005662514156285391
1184,2211.0,3296.0,0.0005662514156285391
1185,2214.0,2671.0,0.0005662514156285391
1186,2215.0,776.0,0.0005662514156285391
1187,2218.0,40.0,0.0005662514156285391
1188,2218.0,803.0,0.0005662514156285391
1189,2218.0,885.0,0.0005662514156285391
1190,2218.0,1295.0,0.0005662514156285391
1191,2218.0,2111.0,0.0005662514156285391
1192,2218.0,3694.0,0.0011325028312570782
1193,2219.0,850.0,0.0005662514156285391
1194,2219.0,1454.0,0.0005662514156285391
1195,2219.0,2111.0,0.0005662514156285391
1196,2219.0,2691.0,0.0005662514156285391
1197,2220.0,1296.0,0.0005662514156285391
1198,2220.0,1657.0,0.0005662514156285391
1199,2220.0,3296.0,0.0005662514156285391
1200,2221.0,627.0,0.0005662514156285391
1201,2221.0,1184.0,0.0005662514156285391
1202,2222.0,2197.0,0.0005662514156285391
1203,2222.0,2665.0,0.0005662514156285391
1204,2222.0,3306.0,0.0005662514156285391
1205,2222.0,3694.0,0.0011325028312570782
1206,2223.0,1331.0,0.0005662514156285391
1207,2224.0,1099.0,0.0005662514156285391
1208,2224.0,1198.0,0.0005662514156285391
1209,2224.0,2693.0,0.0005662514156285391
1210,2225.0,1744.0,0.0005662514156285391
1211,2226.0,1054.0,0.0011325028312570782
1212,2227.0,1761.0,0.0005662514156285391
1213,2227.0,3282.0,0.0011325028312570782
1214,2228.0,803.0,0.0005662514156285391
1215,2229.0,3283.0,0.0005662514156285391
1216,2230.0,79.0,0.0005662514156285391
1217,2230.0,3218.0,0.0005662514156285391
1218,2231.0,1071.0,0.0005662514156285391
1219,2231.0,1099.0,0.0005662514156285391
1220,2231.0,3212.0,0.0005662514156285391
1221,2232.0,3311.0,0.0005662514156285391
1222,2233.0,803.0,0.0005662514156285391
1223,2233.0,1066.0,0.0005662514156285391
1224,2233.0,1089.0,0.0005662514156285391
1225,2233.0,2111.0,0.0005662514156285391
1226,2234.0,187.0,0.0005662514156285391
1227,2240.0,469.0,0.0005662514156285391
1228,2240.0,480.0,0.0005662514156285391
1229,2240.0,3694.0,0.0005662514156285391
1230,2242.0,3402.0,0.0005662514156285391
1231,2243.0,469.0,0.0005662514156285391
1232,2243.0,803.0,0.0005662514156285391
1233,2243.0,997.0,0.0005662514156285391
1234,2243.0,1071.0,0.0005662514156285391
1235,2243.0,1127.0,0.0005662514156285391
1236,2243.0,1547.0,0.0005662514156285391
1237,2243.0,3447.0,0.0005662514156285391
1238,2244.0,18.0,0.0005662514156285391
1239,2244.0,885.0,0.0005662514156285391
1240,2244.0,1382.0,0.0005662514156285391
1241,2244.0,1748.0,0.0005662514156285391
1242,2244.0,1791.0,0.0011325028312570782
1243,2244.0,2721.0,0.0011325028312570782
1244,2245.0,35.0,0.0005662514156285391
1245,2245.0,194.0,0.0005662514156285391
1246,2245.0,466.0,0.0005662514156285391
1247,2245.0,803.0,0.0005662514156285391
1248,2245.0,991.0,0.0005662514156285391
1249,2245.0,1080.0,0.0005662514156285391
1250,2245.0,1085.0,0.0005662514156285391
1251,2245.0,2241.0,0.0005662514156285391
1252,2246.0,2151.0,0.0005662514156285391
1253,2246.0,2243.0,0.0005662514156285391
1254,2248.0,1127.0,0.0005662514156285391
1255,2248.0,3375.0,0.0005662514156285391
1256,2249.0,67.0,0.0005662514156285391
1257,2249.0,2120.0,0.0005662514156285391
1258,2249.0,3300.0,0.0005662514156285391
1259,2251.0,1468.0,0.0005662514156285391
1260,2253.0,3401.0,0.0005662514156285391
1261,2256.0,2683.0,0.0005662514156285391
1262,2257.0,2400.0,0.0005662514156285391
1263,2275.0,824.0,0.0005662514156285391
1264,2278.0,2043.0,0.0011325028312570782
1265,2330.0,366.0,0.0005662514156285391
1266,2330.0,469.0,0.0005662514156285391
1267,2330.0,1078.0,0.0005662514156285391
1268,2330.0,3694.0,0.0005662514156285391
1269,2338.0,1085.0,0.0005662514156285391
1270,2356.0,3598.0,0.0005662514156285391
1271,2357.0,124.0,0.0005662514156285391
1272,2357.0,1099.0,0.0005662514156285391
1273,2357.0,1330.0,0.0005662514156285391
1274,2357.0,1773.0,0.0005662514156285391
1275,2358.0,1032.0,0.0005662514156285391
1276,2358.0,1354.0,0.0005662514156285391
1277,2358.0,1580.0,0.0005662514156285391
1278,2358.0,3628.0,0.0005662514156285391
1279,2359.0,55.0,0.0005662514156285391
1280,2359.0,1080.0,0.0005662514156285391
1281,2359.0,2400.0,0.0005662514156285391
1282,2359.0,3694.0,0.0005662514156285391
1283,2363.0,1099.0,0.0005662514156285391
1284,2363.0,1569.0,0.0005662514156285391
1285,2363.0,1580.0,0.0005662514156285391
1286,2363.0,2654.0,0.0005662514156285391
1287,2363.0,3364.0,0.0005662514156285391
1288,2363.0,3411.0,0.0005662514156285391
1289,2369.0,1085.0,0.0005662514156285391
1290,2370.0,3694.0,0.0005662514156285391
1291,2381.0,719.0,0.0005662514156285391
1292,2386.0,824.0,0.0005662514156285391
1293,2386.0,1085.0,0.0005662514156285391
1294,2388.0,11.0,0.0005662514156285391
1295,2388.0,64.0,0.0005662514156285391
1296,2388.0,864.0,0.0005662514156285391
1297,2388.0,1070.0,0.0011325028312570782
1298,2388.0,1076.0,0.0005662514156285391
1299,2388.0,1085.0,0.0005662514156285391
1300,2388.0,1567.0,0.0005662514156285391
1301,2388.0,1569.0,0.0005662514156285391
1302,2388.0,1747.0,0.0005662514156285391
1303,2388.0,2126.0,0.0005662514156285391
1304,2388.0,2186.0,0.0005662514156285391
1305,2388.0,2400.0,0.0005662514156285391
1306,2388.0,2658.0,0.0005662514156285391
1307,2388.0,3258.0,0.0005662514156285391
1308,2389.0,1373.0,0.0005662514156285391
1309,2389.0,3694.0,0.0005662514156285391
1310,2390.0,38.0,0.0005662514156285391
1311,2390.0,194.0,0.0005662514156285391
1312,2390.0,438.0,0.0005662514156285391
1313,2390.0,864.0,0.0005662514156285391
1314,2390.0,868.0,0.0005662514156285391
1315,2390.0,891.0,0.0005662514156285391
1316,2390.0,1048.0,0.0005662514156285391
1317,2390.0,2400.0,0.0005662514156285391
1318,2390.0,2658.0,0.0005662514156285391
1319,2390.0,2665.0,0.0005662514156285391
1320,2390.0,3384.0,0.0005662514156285391
1321,2393.0,1067.0,0.0005662514156285391
1322,2396.0,3694.0,0.0005662514156285391
1323,2397.0,2186.0,0.0005662514156285391
1324,2400.0,7.0,0.0005662514156285391
1325,2400.0,116.0,0.0005662514156285391
1326,2400.0,438.0,0.0005662514156285391
1327,2400.0,2111.0,0.0005662514156285391
1328,2400.0,3269.0,0.0005662514156285391
1329,2401.0,2396.0,0.0005662514156285391
1330,2403.0,884.0,0.0005662514156285391
1331,2403.0,1179.0,0.0005662514156285391
1332,2403.0,2388.0,0.0005662514156285391
1333,2404.0,607.0,0.0005662514156285391
1334,2404.0,1050.0,0.0005662514156285391
1335,2404.0,1085.0,0.0005662514156285391
1336,2404.0,1280.0,0.0005662514156285391
1337,2404.0,1309.0,0.0005662514156285391
1338,2404.0,2127.0,0.0005662514156285391
1339,2404.0,2214.0,0.0005662514156285391
1340,2404.0,2386.0,0.0005662514156285391
1341,2404.0,2697.0,0.0005662514156285391
1342,2404.0,3300.0,0.0005662514156285391
1343,2404.0,3694.0,0.0005662514156285391
1344,2630.0,3267.0,0.0005662514156285391
1345,2631.0,1085.0,0.0005662514156285391
1346,2631.0,1182.0,0.0005662514156285391
1347,2631.0,3694.0,0.0005662514156285391
1348,2633.0,393.0,0.0005662514156285391
1349,2633.0,813.0,0.0005662514156285391
1350,2633.0,1198.0,0.0005662514156285391
1351,2634.0,1327.0,0.0005662514156285391
1352,2635.0,1277.0,0.0005662514156285391
1353,2635.0,3291.0,0.0005662514156285391
1354,2636.0,247.0,0.0005662514156285391
1355,2636.0,1311.0,0.0005662514156285391
1356,2636.0,2363.0,0.0005662514156285391
1357,2641.0,1085.0,0.0005662514156285391
1358,2646.0,1085.0,0.0005662514156285391
1359,2646.0,2190.0,0.0005662514156285391
1360,2646.0,2222.0,0.0005662514156285391
1361,2646.0,3290.0,0.0005662514156285391
1362,2648.0,249.0,0.0005662514156285391
1363,2648.0,1384.0,0.0005662514156285391
1364,2649.0,630.0,0.0005662514156285391
1365,2650.0,131.0,0.0005662514156285391
1366,2652.0,1085.0,0.0005662514156285391
1367,2652.0,1773.0,0.0005662514156285391
1368,2654.0,1085.0,0.0005662514156285391
1369,2654.0,3279.0,0.0005662514156285391
1370,2655.0,1080.0,0.0005662514156285391
1371,2655.0,1127.0,0.0005662514156285391
1372,2655.0,1782.0,0.0005662514156285391
1373,2657.0,1085.0,0.0005662514156285391
1374,2658.0,2219.0,0.0005662514156285391
1375,2659.0,131.0,0.0005662514156285391
1376,2659.0,1331.0,0.0005662514156285391
1377,2659.0,3694.0,0.0011325028312570782
1378,2660.0,132.0,0.0005662514156285391
1379,2660.0,480.0,0.0005662514156285391
1380,2660.0,1541.0,0.0005662514156285391
1381,2660.0,2692.0,0.0005662514156285391
1382,2665.0,803.0,0.0005662514156285391
1383,2665.0,1185.0,0.0005662514156285391
1384,2665.0,1787.0,0.0005662514156285391
1385,2665.0,2697.0,0.0005662514156285391
1386,2665.0,3282.0,0.0005662514156285391
1387,2666.0,177.0,0.0005662514156285391
1388,2666.0,519.0,0.0005662514156285391
1389,2666.0,1048.0,0.0005662514156285391
1390,2666.0,1065.0,0.0005662514156285391
1391,2666.0,2222.0,0.0005662514156285391
1392,2666.0,2400.0,0.0005662514156285391
1393,2666.0,2404.0,0.0005662514156285391
1394,2666.0,2697.0,0.0005662514156285391
1395,2671.0,17.0,0.0005662514156285391
1396,2671.0,2386.0,0.0005662514156285391
1397,2673.0,185.0,0.0005662514156285391
1398,2673.0,2359.0,0.0005662514156285391
1399,2675.0,2002.0,0.0005662514156285391
1400,2678.0,35.0,0.0005662514156285391
1401,2678.0,719.0,0.0005662514156285391
1402,2678.0,2233.0,0.0005662514156285391
1403,2679.0,38.0,0.0005662514156285391
1404,2679.0,1331.0,0.0005662514156285391
1405,2679.0,2689.0,0.0005662514156285391
1406,2679.0,3278.0,0.0005662514156285391
1407,2689.0,349.0,0.0005662514156285391
1408,2689.0,2386.0,0.0005662514156285391
1409,2692.0,995.0,0.0005662514156285391
1410,2692.0,1080.0,0.0005662514156285391
1411,2692.0,1091.0,0.0005662514156285391
1412,2692.0,1101.0,0.0005662514156285391
1413,2692.0,1186.0,0.0005662514156285391
1414,2692.0,1382.0,0.0005662514156285391
1415,2692.0,1511.0,0.0005662514156285391
1416,2692.0,1773.0,0.0005662514156285391
1417,2692.0,2219.0,0.0005662514156285391
1418,2692.0,2401.0,0.0005662514156285391
1419,2697.0,1085.0,0.0005662514156285391
1420,2697.0,3694.0,0.0005662514156285391
1421,2790.0,1373.0,0.0005662514156285391
1422,2803.0,3694.0,0.0011325028312570782
1423,3025.0,1070.0,0.0005662514156285391
1424,3033.0,824.0,0.0005662514156285391
1425,3034.0,824.0,0.0005662514156285391
1426,3036.0,447.0,0.0011325028312570782
1427,3190.0,364.0,0.0005662514156285391
1428,3190.0,1271.0,0.0005662514156285391
1429,3190.0,2240.0,0.0005662514156285391
1430,3190.0,2646.0,0.0005662514156285391
1431,3190.0,3694.0,0.0005662514156285391
1432,3191.0,1048.0,0.0005662514156285391
1433,3191.0,2363.0,0.0005662514156285391
1434,3205.0,3037.0,0.0005662514156285391
1435,3206.0,1068.0,0.0005662514156285391
1436,3212.0,1739.0,0.0005662514156285391
1437,3214.0,776.0,0.0005662514156285391
1438,3214.0,2661.0,0.0005662514156285391
1439,3214.0,3370.0,0.0005662514156285391
1440,3215.0,885.0,0.0005662514156285391
1441,3215.0,1085.0,0.0005662514156285391
1442,3215.0,3277.0,0.0005662514156285391
1443,3216.0,848.0,0.0005662514156285391
1444,3219.0,840.0,0.0005662514156285391
1445,3219.0,1547.0,0.0005662514156285391
1446,3219.0,3303.0,0.0005662514156285391
1447,3219.0,3412.0,0.0005662514156285391
1448,3221.0,131.0,0.0005662514156285391
1449,3221.0,885.0,0.0005662514156285391
1450,3221.0,1763.0,0.0005662514156285391
1451,3221.0,2243.0,0.0005662514156285391
1452,3222.0,1085.0,0.0005662514156285391
1453,3222.0,1311.0,0.0005662514156285391
1454,3222.0,1763.0,0.0005662514156285391
1455,3222.0,1783.0,0.0005662514156285391
1456,3222.0,3280.0,0.0005662514156285391
1457,3223.0,776.0,0.0005662514156285391
1458,3223.0,860.0,0.0005662514156285391
1459,3223.0,2363.0,0.0005662514156285391
1460,3223.0,2678.0,0.0005662514156285391
1461,3224.0,1232.0,0.0005662514156285391
1462,3258.0,1085.0,0.0005662514156285391
1463,3258.0,3404.0,0.0005662514156285391
1464,3260.0,3316.0,0.0005662514156285391
1465,3262.0,3380.0,0.0005662514156285391
1466,3263.0,469.0,0.0005662514156285391
1467,3263.0,1085.0,0.0005662514156285391
1468,3263.0,1550.0,0.0005662514156285391
1469,3263.0,2218.0,0.0005662514156285391
1470,3263.0,3384.0,0.0005662514156285391
1471,3264.0,840.0,0.0005662514156285391
1472,3270.0,189.0,0.0005662514156285391
1473,3270.0,3269.0,0.0005662514156285391
1474,3271.0,3573.0,0.0005662514156285391
1475,3272.0,194.0,0.0005662514156285391
1476,3277.0,497.0,0.0005662514156285391
1477,3278.0,1304.0,0.0005662514156285391
1478,3279.0,1552.0,0.0005662514156285391
1479,3279.0,2633.0,0.0005662514156285391
1480,3279.0,3384.0,0.0005662514156285391
1481,3282.0,2369.0,0.0011325028312570782
1482,3283.0,1772.0,0.0005662514156285391
1483,3284.0,485.0,0.0005662514156285391
1484,3285.0,369.0,0.0005662514156285391
1485,3285.0,1048.0,0.0005662514156285391
1486,3286.0,997.0,0.0005662514156285391
1487,3286.0,1330.0,0.0005662514156285391
1488,3286.0,1785.0,0.0005662514156285391
1489,3286.0,2400.0,0.0005662514156285391
1490,3286.0,3694.0,0.0005662514156285391
1491,3287.0,38.0,0.0005662514156285391
1492,3287.0,1078.0,0.0005662514156285391
1493,3287.0,2681.0,0.0005662514156285391
1494,3287.0,3664.0,0.0005662514156285391
1495,3288.0,487.0,0.0005662514156285391
1496,3288.0,803.0,0.0005662514156285391
1497,3289.0,532.0,0.0005662514156285391
1498,3290.0,39.0,0.0005662514156285391
1499,3290.0,376.0,0.0005662514156285391
1500,3290.0,1085.0,0.0011325028312570782
1501,3290.0,1580.0,0.0005662514156285391
1502,3290.0,1740.0,0.0005662514156285391
1503,3290.0,3694.0,0.0005662514156285391
1504,3291.0,487.0,0.0005662514156285391
1505,3291.0,1085.0,0.0005662514156285391
1506,3294.0,1748.0,0.0005662514156285391
1507,3295.0,1085.0,0.0005662514156285391
1508,3295.0,1091.0,0.0005662514156285391
1509,3295.0,2126.0,0.0005662514156285391
1510,3295.0,2223.0,0.0005662514156285391
1511,3295.0,3399.0,0.0005662514156285391
1512,3296.0,376.0,0.0005662514156285391
1513,3296.0,630.0,0.0011325028312570782
1514,3296.0,762.0,0.0005662514156285391
1515,3296.0,1782.0,0.0005662514156285391
1516,3296.0,1784.0,0.0005662514156285391
1517,3296.0,2223.0,0.0005662514156285391
1518,3296.0,2693.0,0.0005662514156285391
1519,3296.0,3278.0,0.0005662514156285391
1520,3297.0,1382.0,0.0005662514156285391
1521,3297.0,2636.0,0.0005662514156285391
1522,3300.0,178.0,0.0005662514156285391
1523,3300.0,396.0,0.0005662514156285391
1524,3300.0,678.0,0.0005662514156285391
1525,3300.0,785.0,0.0005662514156285391
1526,3300.0,2697.0,0.0005662514156285391
1527,3301.0,479.0,0.0005662514156285391
1528,3301.0,1198.0,0.0005662514156285391
1529,3301.0,2043.0,0.0005662514156285391
1530,3303.0,38.0,0.0005662514156285391
1531,3303.0,480.0,0.0005662514156285391
1532,3303.0,1047.0,0.0005662514156285391
1533,3303.0,1127.0,0.0005662514156285391
1534,3303.0,1817.0,0.0005662514156285391
1535,3303.0,2332.0,0.0005662514156285391
1536,3303.0,3384.0,0.0005662514156285391
1537,3303.0,3694.0,0.0005662514156285391
1538,3304.0,1085.0,0.0005662514156285391
1539,3304.0,3303.0,0.0005662514156285391
1540,3307.0,791.0,0.0005662514156285391
1541,3308.0,813.0,0.0005662514156285391
1542,3308.0,1085.0,0.0005662514156285391
1543,3308.0,1782.0,0.0005662514156285391
1544,3308.0,2186.0,0.0005662514156285391
1545,3308.0,2386.0,0.0005662514156285391
1546,3308.0,3390.0,0.0005662514156285391
1547,3348.0,824.0,0.0005662514156285391
1548,3350.0,1085.0,0.0005662514156285391
1549,3356.0,291.0,0.0005662514156285391
1550,3360.0,1085.0,0.0005662514156285391
1551,3369.0,503.0,0.0005662514156285391
1552,3369.0,883.0,0.0005662514156285391
1553,3369.0,1085.0,0.0005662514156285391
1554,3369.0,2363.0,0.0005662514156285391
1555,3372.0,2159.0,0.0005662514156285391
1556,3375.0,155.0,0.0005662514156285391
1557,3375.0,411.0,0.0005662514156285391
1558,3375.0,803.0,0.0005662514156285391
1559,3375.0,804.0,0.0005662514156285391
1560,3375.0,1744.0,0.0005662514156285391
1561,3375.0,2697.0,0.0005662514156285391
1562,3381.0,2431.0,0.0005662514156285391
1563,3390.0,3664.0,0.0005662514156285391
1564,3391.0,3307.0,0.0005662514156285391
1565,3391.0,3624.0,0.0005662514156285391
1566,3392.0,1763.0,0.0005662514156285391
1567,3392.0,2646.0,0.0005662514156285391
1568,3398.0,803.0,0.0005662514156285391
1569,3401.0,2240.0,0.0005662514156285391
1570,3401.0,2697.0,0.0005662514156285391
1571,3401.0,3384.0,0.0005662514156285391
1572,3403.0,37.0,0.0005662514156285391
1573,3403.0,292.0,0.0005662514156285391
1574,3404.0,411.0,0.0005662514156285391
1575,3404.0,678.0,0.0005662514156285391
1576,3404.0,824.0,0.0005662514156285391
1577,3404.0,1400.0,0.0005662514156285391
1578,3404.0,1781.0,0.0005662514156285391
1579,3404.0,2111.0,0.0005662514156285391
1580,3404.0,2355.0,0.0005662514156285391
1581,3404.0,3035.0,0.0005662514156285391
1582,3404.0,3280.0,0.0005662514156285391
1583,3404.0,3282.0,0.0005662514156285391
1584,3405.0,3694.0,0.0005662514156285391
1585,3406.0,1358.0,0.0005662514156285391
1586,3406.0,2196.0,0.0005662514156285391
1587,3410.0,763.0,0.0005662514156285391
1588,3411.0,2332.0,0.0005662514156285391
1589,3412.0,1364.0,0.0005662514156285391
1590,3412.0,3404.0,0.0005662514156285391
1591,3418.0,434.0,0.0005662514156285391
1592,3419.0,1784.0,0.0005662514156285391
1593,3419.0,3316.0,0.0005662514156285391
1594,3422.0,1179.0,0.0005662514156285391
1595,3435.0,365.0,0.0005662514156285391
1596,3435.0,763.0,0.0005662514156285391
1597,3435.0,1179.0,0.0005662514156285391
1598,3435.0,1744.0,0.0005662514156285391
1599,3435.0,2243.0,0.0005662514156285391
1600,3435.0,3286.0,0.0005662514156285391
1601,3437.0,3644.0,0.0005662514156285391
1602,3440.0,803.0,0.0005662514156285391
1603,3440.0,1085.0,0.0005662514156285391
1604,3446.0,79.0,0.0005662514156285391
1605,3446.0,776.0,0.0005662514156285391
1606,3446.0,1085.0,0.0016987542468856172
1607,3508.0,477.0,0.0005662514156285391
1608,3508.0,3694.0,0.0011325028312570782
1609,3508.0,3843.0,0.0005662514156285391
1610,3508.0,3882.0,0.0005662514156285391
1611,3531.0,717.0,0.0005662514156285391
1612,3571.0,141.0,0.0005662514156285391
1613,3571.0,469.0,0.0005662514156285391
1614,3571.0,1085.0,0.0005662514156285391
1615,3571.0,1323.0,0.0005662514156285391
1616,3571.0,3269.0,0.0005662514156285391
1617,3580.0,487.0,0.0005662514156285391
1618,3580.0,2721.0,0.0005662514156285391
1619,3589.0,3694.0,0.0016987542468856172
1620,3610.0,3694.0,0.0011325028312570782
1621,3610.0,3829.0,0.0005662514156285391
1622,3615.0,1547.0,0.0005662514156285391
1623,3621.0,1173.0,0.0005662514156285391
1624,3621.0,1271.0,0.0005662514156285391
1625,3621.0,1583.0,0.0005662514156285391
1626,3621.0,2641.0,0.0005662514156285391
1627,3621.0,3694.0,0.0011325028312570782
1628,3623.0,1725.0,0.0005662514156285391
1629,3624.0,479.0,0.0005662514156285391
1630,3624.0,882.0,0.0005662514156285391
1631,3624.0,1456.0,0.0005662514156285391
1632,3624.0,1569.0,0.0005662514156285391
1633,3624.0,1725.0,0.0005662514156285391
1634,3624.0,3694.0,0.0011325028312570782
1635,3627.0,3032.0,0.0005662514156285391
1636,3651.0,3587.0,0.0005662514156285391
1637,3657.0,1057.0,0.0005662514156285391
1638,3657.0,1085.0,0.0016987542468856172
1639,3663.0,1330.0,0.0005662514156285391
1640,3664.0,24.0,0.0005662514156285391
1641,3664.0,185.0,0.0005662514156285391
1642,3664.0,365.0,0.0005662514156285391
1643,3664.0,371.0,0.0005662514156285391
1644,3664.0,995.0,0.0005662514156285391
1645,3664.0,1068.0,0.0005662514156285391
1646,3664.0,1322.0,0.0005662514156285391
1647,3664.0,1580.0,0.0005662514156285391
1648,3664.0,2197.0,0.0005662514156285391
1649,3664.0,2211.0,0.0011325028312570782
1650,3664.0,2665.0,0.0005662514156285391
1651,3664.0,3628.0,0.0005662514156285391
1652,3667.0,2256.0,0.0005662514156285391
1653,3672.0,3628.0,0.0005662514156285391
1654,3679.0,2126.0,0.0005662514156285391
1655,3680.0,1063.0,0.0005662514156285391
1656,3680.0,1831.0,0.0005662514156285391
1657,3694.0,115.0,0.0005662514156285391
1658,3694.0,824.0,0.0005662514156285391
1659,3694.0,1329.0,0.0005662514156285391
1660,3694.0,1366.0,0.0005662514156285391
1661,3694.0,2326.0,0.0005662514156285391
1662,3694.0,3694.0,0.0005662514156285391
1663,3694.0,3829.0,0.0005662514156285391
1664,3694.0,3860.0,0.0011325028312570782
1665,3707.0,1122.0,0.0005662514156285391
1666,3749.0,2330.0,0.0005662514156285391
1667,3829.0,3581.0,0.0005662514156285391
1668,3834.0,3694.0,0.0005662514156285391
1669,3835.0,97.0,0.0005662514156285391
1670,3835.0,1831.0,0.0005662514156285391
1671,3835.0,3581.0,0.0005662514156285391
1672,3840.0,379.0,0.0005662514156285391
1673,3840.0,487.0,0.0005662514156285391
1674,3840.0,1048.0,0.0005662514156285391
1675,3840.0,1068.0,0.0005662514156285391
1676,3840.0,1304.0,0.0005662514156285391
1677,3840.0,1920.0,0.0005662514156285391
1678,3840.0,1989.0,0.0005662514156285391
1679,3840.0,2803.0,0.0005662514156285391
1680,3840.0,3303.0,0.0005662514156285391
1681,3840.0,3581.0,0.0011325028312570782
1682,3840.0,3829.0,0.0005662514156285391
1683,3840.0,3860.0,0.0005662514156285391
1684,3847.0,3835.0,0.0005662514156285391
1685,3849.0,470.0,0.0005662514156285391
1686,3850.0,964.0,0.0005662514156285391
1687,3850.0,1823.0,0.0005662514156285391
1688,3856.0,2400.0,0.0005662514156285391
1689,3862.0,1085.0,0.0005662514156285391
1690,3863.0,40.0,0.0005662514156285391
1691,3863.0,78.0,0.0005662514156285391
1692,3863.0,168.0,0.0005662514156285391
1693,3863.0,630.0,0.0005662514156285391
1694,3863.0,2363.0,0.0005662514156285391
1695,3863.0,2400.0,0.0005662514156285391
1696,3882.0,3508.0,0.0005662514156285391
1697,3883.0,3694.0,0.0005662514156285391
