,vehicle_id,vehicle_type,depart_time,arrival_time,O_location,D_location,p1_id,p2_id
0,122,pickup_p1,1493596809.9,1493596903.2210763,1002.0,1023.0,17592367480265,
1,4,pickup_p1,1493596829.9,1493596876.431709,1348.0,1363.0,17592367521255,
2,8,pickup_p1,1493596839.9,1493596840.0,2633.0,2633.0,17592367579068,
3,49,pickup_p1,1493596849.9,1493596850.0,3571.0,3571.0,17592367522487,
4,61,pickup_p1,1493596849.9,1493596908.3527062,1179.0,1230.0,17592367487005,
5,63,pickup_p1,1493596849.9,1493596850.0,1731.0,1731.0,17592367486477,
6,37,pickup_p1,1493596869.9,1493596989.0908222,1052.0,470.0,17592367524147,
7,57,pickup_p1,1493596869.9,1493596870.0,3672.0,3672.0,17592367581262,
8,28,pickup_p1,1493596879.9,1493596880.0,81.0,81.0,17592367581362,
9,114,pickup_p1,1493596879.9,1493596880.0,993.0,993.0,17592367524498,
10,44,pickup_p1,1493596909.9,1493597148.771778,2338.0,2331.0,17592367498017,
11,62,pickup_p1,1493596909.9,1493596910.0,3392.0,3392.0,17592367678207,
12,10,pickup_p1,1493596929.9,1493596930.0,1741.0,1741.0,17592367502497,
13,135,pickup_p1,1493596929.9,1493596930.0,893.0,893.0,17592367584456,
14,119,pickup_p1,1493596959.9,1493596960.0,130.0,130.0,17592367529631,
15,98,pickup_p1,1493596969.9,1493596970.0,3847.0,3847.0,17592367511137,
16,59,pickup_p1,1493596979.9,1493597056.6341257,185.0,477.0,17592367530856,
17,67,pickup_p1,1493596979.9,1493596980.0,1186.0,1186.0,17592367682874,
18,146,pickup_p1,1493596979.9,1493597088.2974727,1823.0,1588.0,17592367682680,
19,99,pickup_p1,1493596989.9,1493597086.1420593,3412.0,49.0,17592367588218,
20,28,pickup_p2,1493596999.9,1493597137.9321609,81.0,77.0,17592367581362,17592367589252
21,99,pickup_p2,1493596999.9,1493597057.8805525,49.0,2363.0,17592367588218,17592367527215
22,12,pickup_p1,1493596999.9,1493597138.157444,2221.0,2111.0,17592367479989,
23,28,delivery_p2,1493597137.9321609,1493597488.8690646,77.0,488.0,17592367581362,17592367589252
24,28,delivery_p1,1493597488.8690646,1493599941.7499785,488.0,3694.0,17592367581362,17592367589252
25,99,delivery_p2,1493597057.8805525,1493597268.5984983,2363.0,3411.0,17592367588218,17592367527215
26,99,delivery_p1,1493597268.5984983,1493597661.6898692,3411.0,2665.0,17592367588218,17592367527215
27,128,pickup_p1,1493597009.9,1493597187.2403836,2244.0,1134.0,17592367684908,
28,40,pickup_p1,1493597019.9,1493597062.1953044,2204.0,2209.0,17592367533335,
29,9,pickup_p1,1493597029.9,1493597179.9718802,609.0,3664.0,17592367686214,
30,49,pickup_p2,1493597039.9,1493597040.0,3571.0,3571.0,17592367522487,17592367686503
31,61,pickup_p2,1493597039.9,1493597155.3207197,1230.0,1556.0,17592367487005,17592367523213
32,89,pickup_p1,1493597039.9,1493597128.9220598,1068.0,1070.0,17592367521877,
33,49,delivery_p2,1493597040.0,1493597847.8755627,3571.0,3269.0,17592367522487,17592367686503
34,49,delivery_p1,1493597847.8755627,1493597847.8755627,3269.0,3269.0,17592367522487,17592367686503
35,61,delivery_p2,1493597155.3207197,1493597981.4378915,1556.0,3381.0,17592367487005,17592367523213
36,61,delivery_p1,1493597981.4378915,1493598295.8992496,3381.0,2111.0,17592367487005,17592367523213
37,89,pickup_p2,1493597049.9,1493597170.9345222,1070.0,1072.0,17592367521877,17592367524265
38,89,delivery_p2,1493597170.9345222,1493597510.358022,1072.0,532.0,17592367521877,17592367524265
39,89,delivery_p1,1493597510.358022,1493597510.358022,532.0,532.0,17592367521877,17592367524265
40,21,pickup_p1,1493597069.9,1493597070.0,116.0,116.0,17592367593452,
41,0,pickup_p1,1493597079.9,1493597080.0,1286.0,1286.0,17592367537052,
42,1,pickup_p1,1493597079.9,1493597080.0,1823.0,1823.0,17592367689123,
43,26,pickup_p1,1493597079.9,1493597080.0,1574.0,1574.0,17592367689271,
44,116,pickup_p1,1493597079.9,1493597098.5934749,3287.0,3286.0,17592367593830,
45,86,pickup_p1,1493597089.9,1493597171.758248,1569.0,1567.0,17592367594678,
46,3,pickup_p1,1493597119.9,1493597224.1003215,2244.0,2246.0,17592367539420,
47,6,pickup_p1,1493597119.9,1493597120.0,719.0,719.0,17592367536989,
48,91,pickup_p1,1493597119.9,1493597120.0,51.0,51.0,17592367691403,
49,63,pickup_p2,1493597129.9,1493597204.2747862,1731.0,823.0,17592367486477,17592367539832
50,63,delivery_p2,1493597204.2747862,1493598061.4545245,823.0,2665.0,17592367486477,17592367539832
51,63,delivery_p1,1493598061.4545245,1493599447.018017,2665.0,3492.0,17592367486477,17592367539832
52,0,pickup_p2,1493597139.9,1493597298.589097,1286.0,2404.0,17592367537052,17592367597668
53,19,pickup_p1,1493597139.9,1493597255.2558088,485.0,1070.0,17592367540905,
54,38,pickup_p1,1493597139.9,1493597198.6951127,1139.0,3508.0,17592367692918,
55,0,delivery_p2,1493597298.589097,1493599749.7484317,2404.0,3694.0,17592367537052,17592367597668
56,0,delivery_p1,1493599749.7484317,1493599749.7484317,3694.0,3694.0,17592367537052,17592367597668
57,58,pickup_p1,1493597149.9,1493597177.3913283,1069.0,1068.0,17592367543293,
58,134,pickup_p1,1493597149.9,1493597179.4435656,2228.0,2390.0,17592367693735,
59,135,pickup_p2,1493597159.9,1493597259.7547987,893.0,799.0,17592367584456,17592367542074
60,65,pickup_p1,1493597159.9,1493597251.118453,2225.0,1737.0,17592367694266,
61,74,pickup_p1,1493597159.9,1493597160.0,1339.0,1339.0,17592367599079,
62,143,pickup_p1,1493597159.9,1493597160.0,1343.0,1343.0,17592367541963,
63,135,delivery_p2,1493597259.7547987,1493600126.5899398,799.0,3694.0,17592367584456,17592367542074
64,135,delivery_p1,1493600126.5899398,1493600126.5899398,3694.0,3694.0,17592367584456,17592367542074
65,65,pickup_p2,1493597169.9,1493597261.118453,1737.0,2225.0,17592367694266,17592367522821
66,30,pickup_p1,1493597169.9,1493597170.0,3300.0,3300.0,17592367745231,
67,108,pickup_p1,1493597169.9,1493597404.0070302,458.0,3296.0,17592367523037,
68,65,delivery_p2,1493597261.118453,1493597552.227139,2225.0,1744.0,17592367694266,17592367522821
69,65,delivery_p1,1493597552.227139,1493597670.424645,1744.0,823.0,17592367694266,17592367522821
70,133,pickup_p1,1493597179.9,1493597180.0,3405.0,3405.0,17592367695666,
71,20,pickup_p1,1493597209.9,1493597342.6737547,3205.0,3215.0,17592367546917,
72,117,pickup_p1,1493597209.9,1493597513.3549418,1526.0,1453.0,17592367747964,
73,124,pickup_p1,1493597209.9,1493597260.6947894,803.0,3356.0,17592367697236,
74,84,pickup_p1,1493597229.9,1493597297.2689607,493.0,1231.0,17592367549961,
75,70,pickup_p1,1493597239.9,1493597398.4912221,2665.0,2221.0,17592367749736,
76,59,pickup_p2,1493597249.9,1493597255.822943,477.0,479.0,17592367530856,17592367605284
77,47,pickup_p1,1493597249.9,1493597281.120407,1280.0,488.0,17592367554105,
78,59,delivery_p2,1493597255.822943,1493598113.7214108,479.0,1085.0,17592367530856,17592367605284
79,59,delivery_p1,1493598113.7214108,1493598113.7214108,1085.0,1085.0,17592367530856,17592367605284
80,5,pickup_p1,1493597259.9,1493597319.0177155,632.0,1331.0,17592367605474,
81,5,pickup_p2,1493597269.9,1493597367.0681233,1331.0,2208.0,17592367605474,17592367543316
82,43,pickup_p1,1493597269.9,1493597354.3510303,878.0,832.0,17592367751650,
83,94,pickup_p1,1493597269.9,1493597405.8145826,799.0,761.0,17592367559297,
84,5,delivery_p2,1493597367.0681233,1493597785.2820532,2208.0,2665.0,17592367605474,17592367543316
85,5,delivery_p1,1493597785.2820532,1493598170.1708853,2665.0,1080.0,17592367605474,17592367543316
86,104,pickup_p1,1493597299.9,1493597300.0,3840.0,3840.0,17592367703099,
87,1,pickup_p2,1493597309.9,1493597359.1587782,1823.0,1050.0,17592367689123,17592367704227
88,11,pickup_p1,1493597309.9,1493597367.9249575,785.0,767.0,17592367704090,
89,1,delivery_p2,1493597359.1587782,1493598008.7309978,1050.0,835.0,17592367689123,17592367704227
90,1,delivery_p1,1493598008.7309978,1493598516.0250893,835.0,3404.0,17592367689123,17592367704227
91,67,pickup_p2,1493597349.9,1493597678.6414764,1186.0,189.0,17592367682874,17592367756819
92,134,pickup_p2,1493597349.9,1493597479.9394052,2390.0,885.0,17592367693735,17592367611303
93,67,delivery_p2,1493597678.6414764,1493598499.3702476,189.0,3218.0,17592367682874,17592367756819
94,67,delivery_p1,1493598499.3702476,1493599942.1764114,3218.0,2762.0,17592367682874,17592367756819
95,134,delivery_p2,1493597479.9394052,1493598194.981527,885.0,1366.0,17592367693735,17592367611303
96,134,delivery_p1,1493598194.981527,1493598774.2127128,1366.0,249.0,17592367693735,17592367611303
97,11,pickup_p2,1493597359.9,1493597473.0760899,767.0,1753.0,17592367704090,17592367542472
98,78,pickup_p1,1493597359.9,1493597360.0,1246.0,1246.0,17592367706948,
99,11,delivery_p2,1493597473.0760899,1493597743.247781,1753.0,1746.0,17592367704090,17592367542472
100,11,delivery_p1,1493597743.247781,1493598544.262468,1746.0,2665.0,17592367704090,17592367542472
101,9,pickup_p2,1493597379.9,1493597467.728637,3664.0,1020.0,17592367686214,17592367759028
102,33,pickup_p1,1493597379.9,1493597730.1704695,1741.0,1750.0,17592367759230,
103,144,pickup_p1,1493597379.9,1493597614.584247,2240.0,3295.0,17592367746706,
104,9,delivery_p2,1493597467.728637,1493598164.7576416,1020.0,477.0,17592367686214,17592367759028
105,9,delivery_p1,1493598164.7576416,1493598447.1487374,477.0,1580.0,17592367686214,17592367759028
106,27,pickup_p1,1493597389.9,1493597397.8710186,3749.0,3840.0,17592367709042,
107,73,pickup_p1,1493597389.9,1493597469.9180315,3288.0,3286.0,17592367700735,
108,69,pickup_p1,1493597399.9,1493597513.0120108,1047.0,1050.0,17592362254518,
109,109,pickup_p1,1493597399.9,1493597465.9564478,3288.0,993.0,17592367659082,
110,139,pickup_p1,1493597399.9,1493597488.4542382,2224.0,2196.0,17592367614551,
111,47,pickup_p2,1493597409.9,1493597554.1922538,488.0,177.0,17592367554105,17592367615270
112,66,pickup_p1,1493597409.9,1493597461.7300377,2234.0,2233.0,17592367586717,
113,12,"failed_ridepooling,delivery_p1",1493597410.0,1493597658.611576,2111.0,1085.0,17592367479989,
114,47,delivery_p1,1493597554.1922538,1493598110.0986354,177.0,1569.0,17592367554105,17592367615270
115,47,delivery_p2,1493598110.0986354,1493598328.205557,1569.0,1198.0,17592367554105,17592367615270
116,122,"failed_ridepooling,delivery_p1",1493597410.0,1493597859.9194515,1023.0,2396.0,17592367480265,
117,42,pickup_p1,1493597419.9,1493597505.26379,1139.0,1982.0,17592367616160,
118,121,pickup_p1,1493597419.9,1493597437.7024035,2218.0,2219.0,17592367589113,
119,108,pickup_p2,1493597429.9,1493597430.0,3296.0,3296.0,17592367523037,17592367616524
120,14,pickup_p1,1493597429.9,1493597476.702577,2188.0,2190.0,17592367590981,
121,149,pickup_p1,1493597429.9,1493597560.2007568,2234.0,2240.0,17592367616986,
122,4,"failed_ridepooling,delivery_p1",1493597430.0,1493598475.214489,1363.0,1085.0,17592367521255,
123,108,delivery_p2,1493597430.0,1493597751.8820686,3296.0,630.0,17592367523037,17592367616524
124,108,delivery_p1,1493597751.8820686,1493598692.4804504,630.0,376.0,17592367523037,17592367616524
125,8,"failed_ridepooling,delivery_p1",1493597440.0,1493598712.715446,2633.0,813.0,17592367579068,
126,7,pickup_p1,1493597449.9,1493597697.1670935,3263.0,3664.0,17592367696998,
127,70,pickup_p2,1493597469.9,1493597692.3373926,2221.0,161.0,17592367749736,17592367714620
128,121,pickup_p2,1493597469.9,1493597562.8625672,2219.0,2388.0,17592367589113,17592367764808
129,37,"failed_ridepooling,delivery_p1",1493597470.0,1493598051.7363772,470.0,3258.0,17592367524147,
130,70,delivery_p2,1493597692.3373926,1493598400.1636183,161.0,1580.0,17592367749736,17592367714620
131,70,delivery_p1,1493598400.1636183,1493598878.678775,1580.0,1184.0,17592367749736,17592367714620
132,121,delivery_p2,1493597562.8625672,1493598376.4266331,2388.0,1747.0,17592367589113,17592367764808
133,121,delivery_p1,1493598376.4266331,1493598713.8612113,1747.0,1454.0,17592367589113,17592367764808
134,33,pickup_p2,1493597479.9,1493597830.1704695,1750.0,1741.0,17592367759230,17592367620355
135,33,delivery_p1,1493597830.1704695,1493598615.8149707,1741.0,1330.0,17592367759230,17592367620355
136,33,delivery_p2,1493598615.8149707,1493598877.5452623,1330.0,1355.0,17592367759230,17592367620355
137,57,"failed_ridepooling,delivery_p1",1493597480.0,1493598047.759434,3672.0,3628.0,17592367581262,
138,114,"failed_ridepooling,delivery_p1",1493597480.0,1493600023.1092846,993.0,1999.0,17592367524498,
139,109,pickup_p2,1493597489.9,1493597490.0,993.0,993.0,17592367659082,17592367715698
140,109,delivery_p2,1493597490.0,1493598083.0852869,993.0,3624.0,17592367659082,17592367715698
141,109,delivery_p1,1493598083.0852869,1493598801.6672375,3624.0,1582.0,17592367659082,17592367715698
142,84,pickup_p2,1493597499.9,1493597616.454163,1231.0,2357.0,17592367549961,17592367767175
143,84,delivery_p2,1493597616.454163,1493598048.3622007,2357.0,1330.0,17592367549961,17592367767175
144,84,delivery_p1,1493598048.3622007,1493598478.6019368,1330.0,1048.0,17592367549961,17592367767175
145,141,pickup_p1,1493597509.9,1493597611.171198,849.0,60.0,17592367767744,
146,44,"failed_ridepooling,delivery_p1",1493597510.0,1493599309.4216223,2331.0,1071.0,17592367498017,
147,62,"failed_ridepooling,delivery_p1",1493597510.0,1493598040.6252284,3392.0,1763.0,17592367678207,
148,119,pickup_p2,1493597519.9,1493597805.5802653,130.0,1376.0,17592367529631,17592367622859
149,141,pickup_p2,1493597519.9,1493597706.1011524,60.0,3308.0,17592367767744,17592367551465
150,75,pickup_p1,1493597519.9,1493597649.1660502,3303.0,423.0,17592367717658,
151,119,delivery_p2,1493597805.5802653,1493599887.9585085,1376.0,3694.0,17592367529631,17592367622859
152,119,delivery_p1,1493599887.9585085,1493599887.9585085,3694.0,3694.0,17592367529631,17592367622859
153,141,delivery_p1,1493597706.1011524,1493598122.3854976,3308.0,3446.0,17592367767744,17592367551465
154,141,delivery_p2,1493598122.3854976,1493598453.2156067,3446.0,3390.0,17592367767744,17592367551465
155,52,pickup_p1,1493597529.9,1493597530.0,1559.0,1559.0,17592367610177,
156,10,"failed_ridepooling,delivery_p1",1493597530.0,1493597906.6531131,1741.0,2232.0,17592367502497,
157,144,pickup_p2,1493597539.9,1493597720.9507143,3295.0,3219.0,17592367746706,17592367718895
158,89,pickup_p1,1493597539.9,1493597596.4057214,532.0,1355.0,17592367615583,
159,144,delivery_p2,1493597720.9507143,1493598042.3356037,3219.0,840.0,17592367746706,17592367718895
160,144,delivery_p1,1493598042.3356037,1493598776.283188,840.0,3399.0,17592367746706,17592367718895
161,146,pickup_p2,1493597549.9,1493597792.2471297,1588.0,491.0,17592367682680,17592367608019
162,146,delivery_p2,1493597792.2471297,1493598155.0772998,491.0,2192.0,17592367682680,17592367608019
163,146,delivery_p1,1493598155.0772998,1493598475.5645335,2192.0,1085.0,17592367682680,17592367608019
164,75,pickup_p2,1493597559.9,1493597742.0528207,423.0,55.0,17592367717658,17592367616981
165,147,pickup_p1,1493597559.9,1493597608.2020385,1376.0,1370.0,17592367616953,
166,75,delivery_p1,1493597742.0528207,1493598581.6685174,55.0,2400.0,17592367717658,17592367616981
167,75,delivery_p2,1493598581.6685174,1493598791.3712373,2400.0,3664.0,17592367717658,17592367616981
168,124,pickup_p2,1493597569.9,1493597688.9451153,3356.0,823.0,17592367697236,17592367618633
169,98,"failed_ridepooling,delivery_p1",1493597570.0,1493598905.2653215,3847.0,3835.0,17592367511137,
170,124,delivery_p2,1493597688.9451153,1493598026.2341757,823.0,1772.0,17592367697236,17592367618633
171,124,delivery_p1,1493598026.2341757,1493598223.7682626,1772.0,291.0,17592367697236,17592367618633
172,20,pickup_p2,1493597579.9,1493597728.7094924,3215.0,1101.0,17592367546917,17592367620389
173,20,delivery_p1,1493597728.7094924,1493598571.3082354,1101.0,1085.0,17592367546917,17592367620389
174,20,delivery_p2,1493598571.3082354,1493598932.5349915,1085.0,994.0,17592367546917,17592367620389
175,147,pickup_p2,1493597609.9,1493597721.2224145,1370.0,3260.0,17592367616953,17592367774330
176,128,"failed_ridepooling,delivery_p1",1493597610.0,1493599929.820937,1134.0,2096.0,17592367684908,
177,147,delivery_p2,1493597721.2224145,1493598320.9665027,3260.0,3316.0,17592367616953,17592367774330
178,147,delivery_p1,1493598320.9665027,1493599029.4186106,3316.0,803.0,17592367616953,17592367774330
179,40,"failed_ridepooling,delivery_p1",1493597620.0,1493598054.3792763,2209.0,1280.0,17592367533335,
180,30,pickup_p2,1493597629.9,1493597781.1812696,3300.0,60.0,17592367745231,17592367724898
181,30,delivery_p2,1493597781.1812696,1493598029.1074305,60.0,803.0,17592367745231,17592367724898
182,30,delivery_p1,1493598029.1074305,1493598331.3595793,803.0,396.0,17592367745231,17592367724898
183,133,pickup_p2,1493597639.9,1493597859.924809,3405.0,2143.0,17592367695666,17592367725863
184,138,pickup_p1,1493597639.9,1493597726.3378997,1772.0,80.0,17592367630950,
185,133,delivery_p2,1493597859.924809,1493598335.0749273,2143.0,1076.0,17592367695666,17592367725863
186,133,delivery_p1,1493598335.0749273,1493600219.3874342,1076.0,3694.0,17592367695666,17592367725863
187,21,pickup_p2,1493597649.9,1493597687.0458338,116.0,119.0,17592367593452,17592367726358
188,21,delivery_p2,1493597687.0458338,1493598232.8487737,119.0,1182.0,17592367593452,17592367726358
189,21,delivery_p1,1493598232.8487737,1493598267.7441475,1182.0,495.0,17592367593452,17592367726358
190,101,pickup_p1,1493597659.9,1493597874.6962826,1069.0,1022.0,17592367777656,
191,23,pickup_p1,1493597669.9,1493597780.7802818,1787.0,194.0,17592367637325,
192,51,pickup_p1,1493597679.9,1493597680.0,1296.0,1296.0,17592367633848,
193,76,pickup_p1,1493597679.9,1493597754.524334,854.0,860.0,17592367640349,
194,96,pickup_p1,1493597679.9,1493597754.524334,854.0,860.0,17592367778863,
195,151,pickup_p1,1493597679.9,1493597868.776445,1333.0,128.0,17592367633836,
196,26,"failed_ridepooling,delivery_p1",1493597680.0,1493598370.6252184,1574.0,1219.0,17592367689271,
197,116,"failed_ridepooling,delivery_p1",1493597680.0,1493598141.2442172,3286.0,2400.0,17592367593830,
198,27,pickup_p2,1493597689.9,1493597747.1370447,3840.0,3694.0,17592367709042,17592367729096
199,27,delivery_p1,1493597747.1370447,1493600329.301839,3694.0,3303.0,17592367709042,17592367729096
200,27,delivery_p2,1493600329.301839,1493600798.6865456,3303.0,824.0,17592367709042,17592367729096
201,86,"failed_ridepooling,delivery_p1",1493597690.0,1493598415.3912797,1567.0,2218.0,17592367594678,
202,89,pickup_p2,1493597699.9,1493597795.0819683,1355.0,481.0,17592367615583,17592367730182
203,89,delivery_p2,1493597795.0819683,1493598125.4827068,481.0,477.0,17592367615583,17592367730182
204,89,delivery_p1,1493598125.4827068,1493598292.6122127,477.0,487.0,17592367615583,17592367730182
205,3,pickup_p2,1493597719.9,1493597884.3569908,2246.0,2243.0,17592367539420,17592367845531
206,97,pickup_p1,1493597719.9,1493597992.2089047,1772.0,55.0,17592367609161,
207,3,delivery_p2,1493597884.3569908,1493598444.6875598,2243.0,1071.0,17592367539420,17592367845531
208,3,delivery_p1,1493598444.6875598,1493598839.3295488,1071.0,2151.0,17592367539420,17592367845531
209,6,"failed_ridepooling,delivery_p1",1493597720.0,1493599948.4025083,719.0,1085.0,17592367536989,
210,91,"failed_ridepooling,delivery_p1",1493597720.0,1493598445.5485168,51.0,1198.0,17592367691403,
211,14,pickup_p2,1493597739.9,1493597834.7956257,2190.0,3224.0,17592367590981,17592367783043
212,14,delivery_p2,1493597834.7956257,1493598458.299808,3224.0,1232.0,17592367590981,17592367783043
213,14,delivery_p1,1493598458.299808,1493598868.7224782,1232.0,1773.0,17592367590981,17592367783043
214,19,"failed_ridepooling,delivery_p1",1493597740.0,1493598462.3030083,1070.0,2404.0,17592367540905,
215,38,"failed_ridepooling,delivery_p1",1493597740.0,1493598573.489917,3508.0,3843.0,17592367692918,
216,58,pickup_p2,1493597749.9,1493597777.3913283,1068.0,1069.0,17592367543293,17592367847630
217,58,delivery_p1,1493597777.3913283,1493598134.094306,1069.0,1085.0,17592367543293,17592367847630
218,58,delivery_p2,1493598134.094306,1493598476.3646827,1085.0,3619.0,17592367543293,17592367847630
219,74,"failed_ridepooling,delivery_p1",1493597760.0,1493598182.7350004,1339.0,186.0,17592367599079,
220,143,"failed_ridepooling,delivery_p1",1493597760.0,1493598537.456213,1343.0,1547.0,17592367541963,
221,78,pickup_p2,1493597769.9,1493597839.0638425,1246.0,1563.0,17592367706948,17592367785299
222,16,pickup_p1,1493597769.9,1493597770.0,1735.0,1735.0,17592367784960,
223,78,delivery_p2,1493597839.0638425,1493598378.516752,1563.0,1784.0,17592367706948,17592367785299
224,78,delivery_p1,1493598378.516752,1493598526.821454,1784.0,1297.0,17592367706948,17592367785299
225,23,pickup_p2,1493597779.9,1493597900.2884595,194.0,490.0,17592367637325,17592367783947
226,113,pickup_p1,1493597779.9,1493597780.0,1569.0,1569.0,17592367785940,
227,23,delivery_p2,1493597900.2884595,1493598256.0718942,490.0,3278.0,17592367637325,17592367783947
228,23,delivery_p1,1493598256.0718942,1493598712.4839082,3278.0,799.0,17592367637325,17592367783947
229,22,pickup_p1,1493597789.9,1493597876.0021417,3372.0,803.0,17592367736135,
230,117,"failed_ridepooling,delivery_p1",1493597810.0,1493598807.7412946,1453.0,2234.0,17592367747964,
231,95,pickup_p1,1493597819.9,1493597820.0,3223.0,3223.0,17592367642854,
232,125,pickup_p1,1493597829.9,1493598008.7411242,1296.0,2404.0,17592367739058,
233,7,pickup_p2,1493597839.9,1493597840.0,3664.0,3664.0,17592367696998,17592367790339
234,104,pickup_p2,1493597839.9,1493597840.0,3840.0,3840.0,17592367703099,17592367854343
235,7,delivery_p1,1493597840.0,1493598267.6487463,3664.0,2197.0,17592367696998,17592367790339
236,7,delivery_p2,1493598267.6487463,1493599283.6409733,2197.0,3628.0,17592367696998,17592367790339
237,104,delivery_p2,1493597840.0,1493599329.5408223,3840.0,379.0,17592367703099,17592367854343
238,104,delivery_p1,1493599329.5408223,1493600946.0241165,379.0,1304.0,17592367703099,17592367854343
239,52,pickup_p2,1493597849.9,1493597992.5114555,1559.0,1231.0,17592367610177,17592367790374
240,17,pickup_p1,1493597849.9,1493597850.0,1362.0,1362.0,17592367740182,
241,49,pickup_p1,1493597849.9,1493597906.3099918,3269.0,478.0,17592367781424,
242,52,delivery_p2,1493597992.5114555,1493598942.4797287,1231.0,2693.0,17592367610177,17592367790374
243,52,delivery_p1,1493598942.4797287,1493599239.8771968,2693.0,1085.0,17592367610177,17592367790374
244,73,"failed_ridepooling,delivery_p1",1493597860.0,1493598158.2716312,3286.0,997.0,17592367700735,
245,43,"failed_ridepooling,delivery_p1",1493597870.0,1493598544.2642934,832.0,1051.0,17592367751650,
246,94,"failed_ridepooling,delivery_p1",1493597870.0,1493598794.179814,761.0,1567.0,17592367559297,
247,106,pickup_p1,1493597879.9,1493597980.057267,1549.0,2359.0,17592367856560,
248,151,pickup_p2,1493597889.9,1493597952.4905262,128.0,1787.0,17592367633836,17592367857652
249,151,delivery_p2,1493597952.4905262,1493598247.0406342,1787.0,532.0,17592367633836,17592367857652
250,151,delivery_p1,1493598247.0406342,1493598906.646776,532.0,466.0,17592367633836,17592367857652
251,54,pickup_p1,1493597909.9,1493598201.8578835,1367.0,1352.0,17592367859023,
252,72,pickup_p1,1493597909.9,1493598140.2134407,1077.0,2666.0,17592367794628,
253,25,pickup_p1,1493597929.9,1493598011.7059772,496.0,1182.0,17592367795926,
254,25,pickup_p2,1493597939.9,1493598157.2680454,1182.0,1310.0,17592367795926,17592367856186
255,25,delivery_p2,1493598157.2680454,1493598456.1111112,1310.0,1332.0,17592367795926,17592367856186
256,25,delivery_p1,1493598456.1111112,1493599058.6952598,1332.0,2390.0,17592367795926,17592367856186
257,64,pickup_p1,1493597949.9,1493598215.9189255,810.0,3303.0,17592367784871,
258,93,pickup_p1,1493597949.9,1493598126.7387278,1179.0,1186.0,17592367797266,
259,13,pickup_p1,1493597959.9,1493598012.0881786,630.0,2214.0,17592367754785,
260,54,pickup_p2,1493597979.9,1493598163.819874,1352.0,1348.0,17592367859023,17592367674373
261,10,pickup_p1,1493597979.9,1493598262.351705,2232.0,3219.0,17592367790567,
262,54,delivery_p2,1493598163.819874,1493598433.5510342,1348.0,532.0,17592367859023,17592367674373
263,54,delivery_p1,1493598433.5510342,1493599243.590899,532.0,1085.0,17592367859023,17592367674373
264,22,pickup_p2,1493597989.9,1493598131.6803885,803.0,824.0,17592367736135,17592367675977
265,22,delivery_p2,1493598131.6803885,1493598781.8507288,824.0,2228.0,17592367736135,17592367675977
266,22,delivery_p1,1493598781.8507288,1493599318.8153002,2228.0,1085.0,17592367736135,17592367675977
267,12,pickup_p1,1493597999.9,1493598000.0,1085.0,1085.0,17592367230747,
268,77,pickup_p1,1493597999.9,1493598000.0,2421.0,2421.0,17592367669962,
269,139,"failed_ridepooling,delivery_p1",1493598000.0,1493599089.4421084,2196.0,761.0,17592367614551,
270,49,pickup_p2,1493598009.9,1493598142.8657763,478.0,2220.0,17592367781424,17592367801490
271,49,delivery_p2,1493598142.8657763,1493598538.1881351,2220.0,3296.0,17592367781424,17592367801490
272,49,delivery_p1,1493598538.1881351,1493598873.7633355,3296.0,2390.0,17592367781424,17592367801490
273,66,"failed_ridepooling,delivery_p1",1493598010.0,1493598612.7625494,2233.0,803.0,17592367586717,
274,69,"failed_ridepooling,delivery_p1",1493598010.0,1493599858.9572442,1050.0,3694.0,17592362254518,
275,42,"failed_ridepooling,delivery_p1",1493598020.0,1493599364.696897,1982.0,2223.0,17592367616160,
276,149,pickup_p2,1493598029.9,1493598262.253241,2240.0,2121.0,17592367616986,17592367866847
277,120,pickup_p1,1493598029.9,1493598215.2398522,1563.0,1213.0,17592367866794,
278,149,delivery_p2,1493598262.253241,1493598678.290614,2121.0,1085.0,17592367616986,17592367866847
279,149,delivery_p1,1493598678.290614,1493600549.7476761,1085.0,3694.0,17592367616986,17592367866847
280,88,pickup_p1,1493598039.9,1493598283.6917222,1066.0,991.0,17592367868022,
281,10,pickup_p2,1493598049.9,1493598191.2486925,3219.0,3300.0,17592367790567,17592367683653
282,10,delivery_p2,1493598191.2486925,1493599037.9879167,3300.0,178.0,17592367790567,17592367683653
283,10,delivery_p1,1493599037.9879167,1493599572.2353995,178.0,1547.0,17592367790567,17592367683653
284,125,pickup_p2,1493598059.9,1493598060.0,2404.0,2404.0,17592367739058,17592367776357
285,37,pickup_p1,1493598059.9,1493598262.3996587,3258.0,549.0,17592367864275,
286,148,pickup_p1,1493598059.9,1493598060.0,3412.0,3412.0,17592367774745,
287,125,delivery_p2,1493598060.0,1493598205.5406754,2404.0,1280.0,17592367739058,17592367776357
288,125,delivery_p1,1493598205.5406754,1493600026.309345,1280.0,2697.0,17592367739058,17592367776357
289,130,pickup_p1,1493598069.9,1493598241.8851295,1342.0,130.0,17592367806198,
290,99,pickup_p1,1493598089.9,1493598310.919551,3411.0,2143.0,17592367798452,
291,85,pickup_p1,1493598099.9,1493598101.2420962,2205.0,2188.0,17592367784501,
292,131,pickup_p1,1493598099.9,1493598100.0,1505.0,1505.0,17592367808260,
293,105,pickup_p1,1493598109.9,1493598110.0,2180.0,2180.0,17592367786873,
294,17,pickup_p2,1493598119.9,1493598133.802499,1362.0,533.0,17592367740182,17592367674669
295,72,pickup_p2,1493598119.9,1493598233.9285748,2666.0,458.0,17592367794628,17592367809015
296,50,pickup_p1,1493598119.9,1493598343.889707,1072.0,1052.0,17592367800118,
297,57,pickup_p1,1493598119.9,1493598203.1188936,3628.0,3033.0,17592367873770,
298,59,pickup_p1,1493598119.9,1493598120.0,1085.0,1085.0,17592367803182,
299,111,pickup_p1,1493598119.9,1493598120.0,2207.0,2207.0,17592367809527,
300,17,delivery_p2,1493598133.802499,1493598380.0861878,533.0,1351.0,17592367740182,17592367674669
301,17,delivery_p1,1493598380.0861878,1493598987.5500624,1351.0,2208.0,17592367740182,17592367674669
302,72,delivery_p2,1493598233.9285748,1493598791.8545523,458.0,1817.0,17592367794628,17592367809015
303,72,delivery_p1,1493598791.8545523,1493599474.9198108,1817.0,2697.0,17592367794628,17592367809015
304,97,"failed_ridepooling,delivery_p1",1493598130.0,1493598599.3158922,55.0,1269.0,17592367609161,
305,55,pickup_p1,1493598149.9,1493598223.7068155,3257.0,3571.0,17592367875538,
306,73,pickup_p1,1493598159.9,1493598215.041978,997.0,2127.0,17592367775261,
307,102,pickup_p1,1493598169.9,1493598414.650729,534.0,1351.0,17592367799237,
308,115,pickup_p1,1493598169.9,1493598241.974234,493.0,2358.0,17592367714045,
309,137,pickup_p1,1493598169.9,1493598478.0471478,1077.0,2657.0,17592367795234,
310,102,pickup_p2,1493598179.9,1493598251.962374,1351.0,1350.0,17592367799237,17592367804398
311,65,pickup_p1,1493598179.9,1493598201.8506734,1744.0,840.0,17592367714853,
312,102,delivery_p2,1493598251.962374,1493598692.6796265,1350.0,3384.0,17592367799237,17592367804398
313,102,delivery_p1,1493598692.6796265,1493599558.791865,3384.0,844.0,17592367799237,17592367804398
314,64,pickup_p2,1493598209.9,1493598390.6056836,3303.0,56.0,17592367784871,17592367679321
315,88,pickup_p2,1493598209.9,1493598453.6917222,991.0,1066.0,17592367868022,17592367721581
316,74,pickup_p1,1493598209.9,1493598305.5648265,186.0,2218.0,17592367807809,
317,64,delivery_p1,1493598390.6056836,1493599066.272484,56.0,2207.0,17592367784871,17592367679321
318,64,delivery_p2,1493599066.272484,1493599856.0997949,2207.0,2355.0,17592367784871,17592367679321
319,88,delivery_p2,1493598453.6917222,1493599420.7842443,1066.0,776.0,17592367868022,17592367721581
320,88,delivery_p1,1493599420.7842443,1493599754.463025,776.0,1774.0,17592367868022,17592367721581
321,137,pickup_p2,1493598229.9,1493598400.7922752,2657.0,2224.0,17592367795234,17592367697897
322,124,pickup_p1,1493598229.9,1493598293.365836,1772.0,81.0,17592367677817,
323,137,delivery_p2,1493598400.7922752,1493598629.2291722,2224.0,2693.0,17592367795234,17592367697897
324,137,delivery_p1,1493598629.2291722,1493598926.6266406,2693.0,1085.0,17592367795234,17592367697897
325,138,"failed_ridepooling,delivery_p1",1493598240.0,1493599056.9054646,80.0,2195.0,17592367630950,
326,76,pickup_p2,1493598259.9,1493598531.3014057,860.0,865.0,17592367640349,17592367883254
327,76,delivery_p1,1493598531.3014057,1493599468.7109895,865.0,477.0,17592367640349,17592367883254
328,76,delivery_p2,1493599468.7109895,1493599946.7055366,477.0,1179.0,17592367640349,17592367883254
329,101,"failed_ridepooling,delivery_p1",1493598260.0,1493599294.8813546,1022.0,3300.0,17592367777656,
330,96,"failed_ridepooling,delivery_p1",1493598280.0,1493599306.3619158,860.0,630.0,17592367778863,
331,73,pickup_p2,1493598289.9,1493598552.867281,2127.0,1035.0,17592367775261,17592367885635
332,51,"failed_ridepooling,delivery_p1",1493598290.0,1493600797.2017698,1296.0,3694.0,17592367633848,
333,73,delivery_p2,1493598552.867281,1493598988.9271946,1035.0,1085.0,17592367775261,17592367885635
334,73,delivery_p1,1493598988.9271946,1493598988.9271946,1085.0,1085.0,17592367775261,17592367885635
335,12,pickup_p2,1493598299.9,1493598386.7222931,1085.0,1087.0,17592367230747,17592367741169
336,142,pickup_p1,1493598299.9,1493598300.0,813.0,813.0,17592367822282,
337,12,delivery_p1,1493598386.7222931,1493598881.5080729,1087.0,1094.0,17592367230747,17592367741169
338,12,delivery_p2,1493598881.5080729,1493599484.832594,1094.0,3355.0,17592367230747,17592367741169
339,18,pickup_p1,1493598309.9,1493598318.56215,1298.0,1297.0,17592367823007,
340,18,pickup_p2,1493598339.9,1493598416.3054042,1297.0,1280.0,17592367823007,17592367946002
341,18,delivery_p1,1493598416.3054042,1493599424.251836,1280.0,867.0,17592367823007,17592367946002
342,18,delivery_p2,1493599424.251836,1493599875.3035405,867.0,1529.0,17592367823007,17592367946002
343,31,pickup_p1,1493598369.9,1493598508.060785,1327.0,2203.0,17592367842025,
344,16,"failed_ridepooling,delivery_p1",1493598370.0,1493598745.226541,1735.0,78.0,17592367784960,
345,105,pickup_p2,1493598379.9,1493598448.5961518,2180.0,2178.0,17592367786873,17592368044428
346,105,delivery_p2,1493598448.5961518,1493599489.7071693,2178.0,485.0,17592367786873,17592368044428
347,105,delivery_p1,1493599489.7071693,1493599726.67186,485.0,1085.0,17592367786873,17592368044428
348,113,"failed_ridepooling,delivery_p1",1493598380.0,1493599073.3571858,1569.0,1772.0,17592367785940,
349,89,pickup_p1,1493598409.9,1493598486.6341257,477.0,185.0,17592367830048,
350,95,"failed_ridepooling,delivery_p1",1493598420.0,1493598707.603073,3223.0,860.0,17592367642854,
351,145,pickup_p1,1493598429.9,1493598456.9549758,427.0,411.0,17592367831999,
352,89,pickup_p2,1493598449.9,1493598499.440072,185.0,1324.0,17592367830048,17592367887383
353,89,delivery_p2,1493598499.440072,1493598608.9108806,1324.0,131.0,17592367830048,17592367887383
354,89,delivery_p1,1493598608.9108806,1493599529.920415,131.0,1085.0,17592367830048,17592367887383
355,31,pickup_p2,1493598459.9,1493598533.941682,2203.0,2209.0,17592367842025,17592367954458
356,136,pickup_p1,1493598459.9,1493598723.120497,3392.0,423.0,17592367734085,
357,31,delivery_p2,1493598533.941682,1493599444.4996457,2209.0,803.0,17592367842025,17592367954458
358,31,delivery_p1,1493599444.4996457,1493599903.7653878,803.0,857.0,17592367842025,17592367954458
359,50,pickup_p2,1493598469.9,1493598686.227623,1052.0,1022.0,17592367800118,17592367825383
360,142,pickup_p2,1493598469.9,1493598549.6260898,813.0,3372.0,17592367822282,17592367898396
361,116,pickup_p1,1493598469.9,1493598755.4730268,2400.0,3657.0,17592367946204,
362,50,delivery_p1,1493598686.227623,1493599473.0524235,1022.0,2243.0,17592367800118,17592367825383
363,50,delivery_p2,1493599473.0524235,1493599758.584231,2243.0,3304.0,17592367800118,17592367825383
364,142,delivery_p2,1493598549.6260898,1493599273.6048844,3372.0,2159.0,17592367822282,17592367898396
365,142,delivery_p1,1493599273.6048844,1493599615.475587,2159.0,487.0,17592367822282,17592367898396
366,120,pickup_p2,1493598479.9,1493598559.585033,1213.0,1569.0,17592367866794,17592367835284
367,148,pickup_p2,1493598479.9,1493598542.160155,3412.0,1784.0,17592367774745,17592367889682
368,4,pickup_p1,1493598479.9,1493598480.0,1085.0,1085.0,17592367831970,
369,40,pickup_p1,1493598479.9,1493598493.0484216,1280.0,1286.0,17592367899614,
370,106,"failed_ridepooling,delivery_p1",1493598480.0,1493601185.0053587,2359.0,3694.0,17592367856560,
371,120,delivery_p2,1493598559.585033,1493598922.6390374,1569.0,432.0,17592367866794,17592367835284
372,120,delivery_p1,1493598922.6390374,1493599169.2064564,432.0,488.0,17592367866794,17592367835284
373,148,delivery_p1,1493598542.160155,1493598901.8108857,1784.0,3404.0,17592367774745,17592367889682
374,148,delivery_p2,1493598901.8108857,1493599255.4130597,3404.0,1773.0,17592367774745,17592367889682
375,40,pickup_p2,1493598489.9,1493598600.4695215,1286.0,1781.0,17592367899614,17592367829513
376,5,pickup_p1,1493598489.9,1493598490.0,2665.0,2665.0,17592367835887,
377,132,pickup_p1,1493598489.9,1493598490.0,2648.0,2648.0,17592368052575,
378,40,delivery_p2,1493598600.4695215,1493598876.8419006,1781.0,185.0,17592367899614,17592367829513
379,40,delivery_p1,1493598876.8419006,1493602741.6661112,185.0,1863.0,17592367899614,17592367829513
380,13,pickup_p2,1493598509.9,1493598648.8176796,2214.0,18.0,17592367754785,17592367901598
381,30,pickup_p1,1493598509.9,1493598605.174952,803.0,3418.0,17592367958519,
382,13,delivery_p1,1493598648.8176796,1493599001.8902721,18.0,2671.0,17592367754785,17592367901598
383,13,delivery_p2,1493599001.8902721,1493599181.1371126,2671.0,1050.0,17592367754785,17592367901598
384,1,pickup_p1,1493598519.9,1493598559.8296251,835.0,878.0,17592367830217,
385,141,pickup_p1,1493598519.9,1493598829.8384528,3390.0,810.0,17592367838448,
386,122,pickup_p1,1493598539.9,1493598688.0257454,2396.0,3435.0,17592367839375,
387,34,pickup_p1,1493598549.9,1493598551.6818352,1365.0,1364.0,17592368056519,
388,62,pickup_p1,1493598549.9,1493598750.083689,1763.0,1773.0,17592367894731,
389,93,"failed_ridepooling,delivery_p1",1493598550.0,1493600990.4373016,1186.0,2762.0,17592367797266,
390,127,pickup_p1,1493598559.9,1493598605.712909,178.0,1574.0,17592368057134,
391,99,"failed_ridepooling,delivery_p1",1493598560.0,1493598918.9165435,2143.0,1787.0,17592367798452,
392,11,pickup_p1,1493598569.9,1493598875.1369138,1746.0,812.0,17592367963303,
393,19,pickup_p1,1493598569.9,1493598608.28874,2404.0,2388.0,17592367905648,
394,43,pickup_p1,1493598569.9,1493598776.5680118,1051.0,2658.0,17592367841726,
395,61,pickup_p1,1493598569.9,1493598665.0619624,3381.0,2143.0,17592367841803,
396,38,pickup_p1,1493598579.9,1493598704.9871707,3843.0,3840.0,17592367827561,
397,37,"failed_ridepooling,delivery_p1",1493598590.0,1493599055.7446606,549.0,2159.0,17592367864275,
398,79,pickup_p1,1493598599.9,1493598600.0,1558.0,1558.0,17592365187285,
399,107,pickup_p1,1493598599.9,1493598646.920401,1328.0,2648.0,17592367364695,
400,146,pickup_p1,1493598599.9,1493598677.3519812,2192.0,1076.0,17592367731612,
401,124,"failed_ridepooling,delivery_p1",1493598600.0,1493599377.8045695,81.0,1179.0,17592367677817,
402,77,"failed_ridepooling,delivery_p1",1493598610.0,1493605158.4391959,2421.0,1072.0,17592367669962,
403,61,pickup_p2,1493598619.9,1493598902.1666484,2143.0,116.0,17592367841803,17592368056907
404,74,pickup_p2,1493598619.9,1493598741.921028,2218.0,477.0,17592367807809,17592367899859
405,136,pickup_p2,1493598619.9,1493598753.4346466,423.0,38.0,17592367734085,17592368061874
406,83,pickup_p1,1493598619.9,1493598859.381168,1072.0,1066.0,17592367909736,
407,61,delivery_p1,1493598902.1666484,1493599323.941435,116.0,2389.0,17592367841803,17592368056907
408,61,delivery_p2,1493599323.941435,1493599549.614904,2389.0,1555.0,17592367841803,17592368056907
409,74,delivery_p2,1493598741.921028,1493598941.4155445,477.0,3384.0,17592367807809,17592367899859
410,74,delivery_p1,1493598941.4155445,1493599419.7465873,3384.0,2111.0,17592367807809,17592367899859
411,136,delivery_p2,1493598753.4346466,1493599370.2906244,38.0,438.0,17592367734085,17592368061874
412,136,delivery_p1,1493599370.2906244,1493599487.4172053,438.0,469.0,17592367734085,17592368061874
413,30,pickup_p2,1493598629.9,1493598743.8373463,3418.0,892.0,17592367958519,17592367851189
414,30,delivery_p2,1493598743.8373463,1493598850.6856115,892.0,766.0,17592367958519,17592367851189
415,30,delivery_p1,1493598850.6856115,1493599822.478738,766.0,434.0,17592367958519,17592367851189
416,59,"failed_ridepooling,delivery_p1",1493598630.0,1493599012.198626,1085.0,2665.0,17592367803182,
417,58,pickup_p1,1493598639.9,1493598894.3992424,3619.0,2234.0,17592367901650,
418,78,pickup_p1,1493598659.9,1493598722.160155,1784.0,3412.0,17592367912430,
419,19,pickup_p2,1493598669.9,1493598670.0,2388.0,2388.0,17592367905648,17592367858929
420,78,pickup_p2,1493598669.9,1493598774.6207366,3412.0,1781.0,17592367912430,17592367951302
421,19,delivery_p2,1493598670.0,1493599308.0988133,2388.0,1070.0,17592367905648,17592367858929
422,19,delivery_p1,1493599308.0988133,1493599671.4881155,1070.0,2658.0,17592367905648,17592367858929
423,78,delivery_p2,1493598774.6207366,1493599050.993116,1781.0,185.0,17592367912430,17592367951302
424,78,delivery_p1,1493599050.993116,1493599495.901826,185.0,1364.0,17592367912430,17592367951302
425,130,"failed_ridepooling,delivery_p1",1493598670.0,1493599875.564058,130.0,866.0,17592367806198,
426,4,pickup_p2,1493598679.9,1493598893.061806,1085.0,1078.0,17592367831970,17592368066368
427,4,delivery_p2,1493598893.061806,1493600877.9954214,1078.0,3694.0,17592367831970,17592368066368
428,4,delivery_p1,1493600877.9954214,1493600877.9954214,3694.0,3694.0,17592367831970,17592368066368
429,131,"failed_ridepooling,delivery_p1",1493598700.0,1493599347.2567894,1505.0,803.0,17592367808260,
430,58,pickup_p2,1493598709.9,1493598767.228503,2234.0,883.0,17592367901650,17592367865933
431,9,pickup_p1,1493598709.9,1493598786.6341257,477.0,185.0,17592367973408,
432,58,delivery_p2,1493598767.228503,1493599358.1135366,883.0,3389.0,17592367901650,17592367865933
433,58,delivery_p1,1493599358.1135366,1493599710.6651137,3389.0,187.0,17592367901650,17592367865933
434,85,"failed_ridepooling,delivery_p1",1493598710.0,1493600496.4201841,2188.0,2721.0,17592367784501,
435,47,pickup_p1,1493598719.9,1493598886.3963597,1198.0,1213.0,17592367871585,
436,108,pickup_p1,1493598719.9,1493598720.0,630.0,630.0,17592368069239,
437,111,"failed_ridepooling,delivery_p1",1493598720.0,1493599460.5486314,2207.0,1547.0,17592367809527,
438,57,"failed_ridepooling,delivery_p1",1493598730.0,1493599785.9385047,3033.0,824.0,17592367873770,
439,71,pickup_p1,1493598739.9,1493598987.1670935,3263.0,3664.0,17592367909272,
440,23,pickup_p1,1493598749.9,1493599029.8451104,3278.0,288.0,17592368052640,
441,55,"failed_ridepooling,delivery_p1",1493598750.0,1493599728.793364,3571.0,469.0,17592367875538,
442,95,pickup_p1,1493598759.9,1493598760.0,860.0,860.0,17592368072296,
443,115,"failed_ridepooling,delivery_p1",1493598770.0,1493600205.7401788,2358.0,1032.0,17592367714045,
444,66,pickup_p1,1493598789.9,1493598910.4292023,803.0,3403.0,17592368065180,
445,112,pickup_p1,1493598789.9,1493598862.673228,1781.0,1782.0,17592367922868,
446,134,pickup_p1,1493598799.9,1493598870.6740546,1366.0,606.0,17592367923294,
447,65,"failed_ridepooling,delivery_p1",1493598800.0,1493599413.9008527,840.0,3279.0,17592367714853,
448,117,pickup_p1,1493598809.9,1493599114.2935483,2234.0,2116.0,17592367967570,
449,117,pickup_p2,1493598819.9,1493599048.931161,2116.0,7.0,17592367967570,17592368072136
450,109,pickup_p1,1493598819.9,1493599084.84005,3624.0,1078.0,17592367967318,
451,117,delivery_p2,1493599048.931161,1493599758.0210197,7.0,487.0,17592367967570,17592368072136
452,117,delivery_p1,1493599758.0210197,1493600018.322799,487.0,1579.0,17592367967570,17592368072136
453,16,pickup_p1,1493598829.9,1493599012.1674294,78.0,1772.0,17592367982670,
454,3,pickup_p1,1493598839.9,1493598883.3053927,1071.0,1072.0,17592368077754,
455,3,pickup_p2,1493598849.9,1493598850.0,1072.0,1072.0,17592368077754,17592367972064
456,90,pickup_p1,1493598849.9,1493598850.0,1580.0,1580.0,17592367927155,
457,3,delivery_p2,1493598850.0,1493599094.652844,1072.0,484.0,17592368077754,17592367972064
458,3,delivery_p1,1493599094.652844,1493599924.9900908,484.0,365.0,17592368077754,17592367972064
459,141,pickup_p2,1493598859.9,1493599134.3657107,810.0,116.0,17592367838448,17592367928244
460,94,pickup_p1,1493598859.9,1493599167.542232,1567.0,3270.0,17592367918347,
461,141,delivery_p2,1493599134.3657107,1493599856.2933528,116.0,1085.0,17592367838448,17592367928244
462,141,delivery_p1,1493599856.2933528,1493599856.2933528,1085.0,1085.0,17592367838448,17592367928244
463,49,pickup_p1,1493598879.9,1493599148.7838597,3296.0,878.0,17592367870445,
464,49,pickup_p2,1493598889.9,1493598927.593274,878.0,881.0,17592367870445,17592367979139
465,49,delivery_p2,1493598927.593274,1493599511.5740192,881.0,3384.0,17592367870445,17592367979139
466,49,delivery_p1,1493599511.5740192,1493600170.7151995,3384.0,1555.0,17592367870445,17592367979139
467,98,pickup_p1,1493598909.9,1493598990.4630399,3835.0,3749.0,17592367970699,
468,38,"failed_ridepooling,delivery_p1",1493598910.0,1493604270.8736248,3840.0,1917.0,17592367827561,
469,21,pickup_p1,1493598919.9,1493598920.0,1182.0,1182.0,17592367933022,
470,1,"failed_ridepooling,delivery_p1",1493598920.0,1493599737.099735,878.0,3628.0,17592367830217,
471,36,pickup_p1,1493598929.9,1493598930.0,141.0,141.0,17592367920205,
472,137,pickup_p1,1493598929.9,1493599227.3974683,2693.0,1085.0,17592367984808,
473,137,pickup_p2,1493598939.9,1493599251.6395452,1085.0,1076.0,17592367984808,17592367924856
474,84,pickup_p1,1493598939.9,1493599079.0066793,1330.0,19.0,17592368076702,
475,116,"failed_ridepooling,delivery_p1",1493598940.0,1493599571.19274,3657.0,1085.0,17592367946204,
476,137,delivery_p2,1493599251.6395452,1493599850.607985,1076.0,1329.0,17592367984808,17592367924856
477,137,delivery_p1,1493599850.607985,1493600011.944793,1329.0,3269.0,17592367984808,17592367924856
478,16,pickup_p2,1493598949.9,1493598950.0,1772.0,1772.0,17592367982670,17592368087646
479,82,pickup_p1,1493598949.9,1493599152.8962412,1558.0,1179.0,17592368087412,
480,99,pickup_p1,1493598949.9,1493598996.8658538,1787.0,1310.0,17592367986751,
481,16,delivery_p2,1493598950.0,1493599284.8132722,1772.0,1782.0,17592367982670,17592368087646
482,16,delivery_p1,1493599284.8132722,1493600034.3036094,1782.0,1085.0,17592367982670,17592368087646
483,79,pickup_p2,1493598979.9,1493599025.499797,1558.0,428.0,17592365187285,17592368090075
484,79,delivery_p2,1493599025.499797,1493599343.603362,428.0,1354.0,17592365187285,17592368090075
485,79,delivery_p1,1493599343.603362,1493600269.404178,1354.0,1078.0,17592365187285,17592368090075
486,17,pickup_p1,1493598989.9,1493599122.565773,1351.0,1348.0,17592367938366,
487,112,pickup_p2,1493598999.9,1493599183.1427495,1782.0,1286.0,17592367922868,17592367937033
488,112,delivery_p1,1493599183.1427495,1493599446.542693,1286.0,496.0,17592367922868,17592367937033
489,112,delivery_p2,1493599446.542693,1493599709.4935472,496.0,1567.0,17592367922868,17592367937033
490,20,pickup_p1,1493599009.9,1493599249.391902,994.0,485.0,17592367938385,
491,62,"failed_ridepooling,delivery_p1",1493599020.0,1493599595.156511,1773.0,2142.0,17592367894731,
492,98,pickup_p2,1493599029.9,1493599037.8710186,3749.0,3840.0,17592367970699,17592368093498
493,75,pickup_p1,1493599029.9,1493599030.0,3664.0,3664.0,17592368093919,
494,147,pickup_p1,1493599029.9,1493599189.2459652,3316.0,2143.0,17592368079771,
495,98,delivery_p2,1493599037.8710186,1493599482.7041733,3840.0,3829.0,17592367970699,17592368093498
496,98,delivery_p1,1493599482.7041733,1493600709.8917406,3829.0,2330.0,17592367970699,17592368093498
497,84,pickup_p2,1493599039.9,1493599165.6262689,19.0,1331.0,17592368076702,17592368094711
498,84,delivery_p2,1493599165.6262689,1493599337.981676,1331.0,478.0,17592368076702,17592368094711
499,84,delivery_p1,1493599337.981676,1493599607.8274496,478.0,1342.0,17592368076702,17592368094711
500,145,"failed_ridepooling,delivery_p1",1493599040.0,1493599408.8619893,411.0,480.0,17592367831999,
501,83,pickup_p2,1493599049.9,1493599216.7365973,1066.0,3290.0,17592367909736,17592368145466
502,108,pickup_p2,1493599049.9,1493599112.943725,630.0,633.0,17592368069239,17592368000479
503,83,delivery_p2,1493599216.7365973,1493599583.7426763,3290.0,376.0,17592367909736,17592368145466
504,83,delivery_p1,1493599583.7426763,1493600973.058925,376.0,3694.0,17592367909736,17592368145466
505,108,delivery_p2,1493599112.943725,1493599912.8309894,633.0,823.0,17592368069239,17592368000479
506,108,delivery_p1,1493599912.8309894,1493601228.4408832,823.0,2369.0,17592368069239,17592368000479
507,82,pickup_p2,1493599059.9,1493599284.0919921,1179.0,1213.0,17592368087412,17592368000744
508,134,pickup_p2,1493599059.9,1493599082.9347715,606.0,3263.0,17592367923294,17592368146820
509,82,delivery_p1,1493599284.0919921,1493600218.7470458,1213.0,2143.0,17592368087412,17592368000744
510,82,delivery_p2,1493600218.7470458,1493600469.5451927,2143.0,2112.0,17592368087412,17592368000744
511,134,delivery_p2,1493599082.9347715,1493599306.9675224,3263.0,469.0,17592367923294,17592368146820
512,134,delivery_p1,1493599306.9675224,1493600213.2735949,469.0,1085.0,17592367923294,17592368146820
513,91,pickup_p1,1493599069.9,1493599288.1069217,1198.0,1569.0,17592367929563,
514,113,pickup_p1,1493599079.9,1493599203.9814665,1772.0,79.0,17592367996527,
515,113,pickup_p2,1493599089.9,1493599446.830321,79.0,3308.0,17592367996527,17592368090708
516,121,pickup_p1,1493599089.9,1493599090.0,1747.0,1747.0,17592368149274,
517,5,"failed_ridepooling,delivery_p1",1493599090.0,1493599694.5462728,2665.0,1787.0,17592367835887,
518,113,delivery_p2,1493599446.830321,1493600209.300324,3308.0,1085.0,17592367996527,17592368090708
519,113,delivery_p1,1493600209.300324,1493600209.300324,1085.0,1085.0,17592367996527,17592368090708
520,23,"failed_ridepooling,delivery_p1",1493599100.0,1493599817.1071057,288.0,2229.0,17592368052640,
521,132,"failed_ridepooling,delivery_p1",1493599100.0,1493599551.30855,2648.0,1384.0,17592368052575,
522,138,pickup_p1,1493599119.9,1493599203.136479,2195.0,2192.0,17592368151608,
523,122,pickup_p2,1493599129.9,1493599229.5772707,3435.0,2660.0,17592367839375,17592368152143
524,33,pickup_p1,1493599129.9,1493599265.066089,1355.0,1327.0,17592368152020,
525,122,delivery_p1,1493599229.5772707,1493600175.528787,2660.0,1744.0,17592367839375,17592368152143
526,122,delivery_p2,1493600175.528787,1493601299.9738383,1744.0,1541.0,17592367839375,17592368152143
527,99,pickup_p2,1493599149.9,1493599150.0,1310.0,1310.0,17592367986751,17592368103272
528,127,pickup_p2,1493599149.9,1493599337.44838,1574.0,488.0,17592368057134,17592368007918
529,87,pickup_p1,1493599149.9,1493599223.838879,1558.0,496.0,17592367964605,
530,151,pickup_p1,1493599149.9,1493599294.8630123,532.0,448.0,17592368103500,
531,34,"failed_ridepooling,delivery_p1",1493599150.0,1493600005.2329578,1364.0,3849.0,17592368056519,
532,99,delivery_p2,1493599150.0,1493599385.387294,1310.0,187.0,17592367986751,17592368103272
533,99,delivery_p1,1493599385.387294,1493599850.5582602,187.0,1376.0,17592367986751,17592368103272
534,127,delivery_p2,1493599337.44838,1493600058.9699068,488.0,2111.0,17592368057134,17592368007918
535,127,delivery_p1,1493600058.9699068,1493600343.1760006,2111.0,1077.0,17592368057134,17592368007918
536,17,pickup_p2,1493599159.9,1493599330.9194798,1348.0,534.0,17592367938366,17592367929053
537,87,pickup_p2,1493599159.9,1493599250.726438,496.0,1181.0,17592367964605,17592368004988
538,2,pickup_p1,1493599159.9,1493599160.0,2652.0,2652.0,17592368103852,
539,17,delivery_p2,1493599330.9194798,1493599718.7384536,534.0,532.0,17592367938366,17592367929053
540,17,delivery_p1,1493599718.7384536,1493600107.427463,532.0,1051.0,17592367938366,17592367929053
541,87,delivery_p2,1493599250.726438,1493599715.804985,1181.0,185.0,17592367964605,17592368004988
542,87,delivery_p1,1493599715.804985,1493600406.339687,185.0,883.0,17592367964605,17592368004988
543,45,pickup_p1,1493599169.9,1493599269.0058894,1381.0,488.0,17592367999190,
544,11,"failed_ridepooling,delivery_p1",1493599170.0,1493600003.6842172,812.0,2665.0,17592367963303,
545,43,"failed_ridepooling,delivery_p1",1493599170.0,1493599765.2570827,2658.0,2219.0,17592367841726,
546,14,pickup_p1,1493599179.9,1493599302.418663,1232.0,151.0,17592368156144,
547,59,pickup_p1,1493599179.9,1493599435.692693,2665.0,1077.0,17592368156602,
548,95,pickup_p2,1493599189.9,1493599274.9597647,860.0,1095.0,17592368072296,17592367974049
549,13,pickup_p1,1493599189.9,1493599443.0250087,1050.0,1069.0,17592367995404,
550,25,pickup_p1,1493599189.9,1493599277.5831509,1332.0,2404.0,17592368011538,
551,95,delivery_p2,1493599274.9597647,1493599583.6967688,1095.0,3035.0,17592368072296,17592367974049
552,95,delivery_p1,1493599583.6967688,1493599940.5522625,3035.0,2243.0,17592368072296,17592367974049
553,13,pickup_p2,1493599199.9,1493599312.0632436,1069.0,3287.0,17592367995404,17592367972441
554,25,pickup_p2,1493599199.9,1493599200.0,2404.0,2404.0,17592368011538,17592368157643
555,15,pickup_p1,1493599199.9,1493599200.0,3863.0,3863.0,17592368107282,
556,68,pickup_p1,1493599199.9,1493599200.0,690.0,690.0,17592367702049,
557,100,pickup_p1,1493599199.9,1493599200.0,1558.0,1558.0,17592365435488,
558,13,delivery_p2,1493599312.0632436,1493599687.0862732,3287.0,1078.0,17592367995404,17592367972441
559,13,delivery_p1,1493599687.0862732,1493600308.8302176,1078.0,1093.0,17592367995404,17592367972441
560,25,delivery_p2,1493599200.0,1493600004.623023,2404.0,1085.0,17592368011538,17592368157643
561,25,delivery_p1,1493600004.623023,1493600522.8892066,1085.0,2127.0,17592368011538,17592368157643
562,107,"failed_ridepooling,delivery_p1",1493599210.0,1493599713.514948,2648.0,249.0,17592367364695,
563,146,"failed_ridepooling,delivery_p1",1493599210.0,1493600362.0828488,1076.0,2697.0,17592367731612,
564,109,"failed_ridepooling,delivery_p1",1493599230.0,1493601430.9546359,1078.0,2332.0,17592367967318,
565,100,pickup_p2,1493599239.9,1493599422.5621943,1558.0,2357.0,17592365435488,17592368110263
566,26,pickup_p1,1493599239.9,1493599395.9489493,1219.0,3571.0,17592367986885,
567,100,delivery_p1,1493599422.5621943,1493600425.3429081,2357.0,1078.0,17592365435488,17592368110263
568,100,delivery_p2,1493600425.3429081,1493601313.46455,1078.0,1099.0,17592365435488,17592368110263
569,54,pickup_p1,1493599249.9,1493599408.129834,532.0,1327.0,17592368157020,
570,97,pickup_p1,1493599249.9,1493599282.3375022,1269.0,178.0,17592368016135,
571,54,pickup_p2,1493599259.9,1493599299.719356,1327.0,2211.0,17592368157020,17592367952233
572,54,delivery_p2,1493599299.719356,1493599804.691313,2211.0,3296.0,17592368157020,17592367952233
573,54,delivery_p1,1493599804.691313,1493600392.075717,3296.0,1085.0,17592368157020,17592367952233
574,147,pickup_p2,1493599269.9,1493599270.0,2143.0,2143.0,17592368079771,17592368112916
575,147,delivery_p2,1493599270.0,1493599771.7457256,2143.0,1085.0,17592368079771,17592368112916
576,147,delivery_p1,1493599771.7457256,1493599771.7457256,1085.0,1085.0,17592368079771,17592368112916
577,59,pickup_p2,1493599299.9,1493599457.8727825,1077.0,2224.0,17592368156602,17592368166091
578,97,pickup_p2,1493599299.9,1493599300.0,178.0,178.0,17592368016135,17592368115484
579,59,delivery_p1,1493599457.8727825,1493600455.2850802,2224.0,1747.0,17592368156602,17592368166091
580,59,delivery_p2,1493600455.2850802,1493600853.701467,1747.0,1099.0,17592368156602,17592368166091
581,97,delivery_p2,1493599300.0,1493600095.2174673,178.0,2221.0,17592368016135,17592368115484
582,97,delivery_p1,1493600095.2174673,1493600095.2174673,2221.0,2221.0,17592368016135,17592368115484
583,22,pickup_p1,1493599319.9,1493599320.0,2228.0,2228.0,17592368106452,
584,47,"failed_ridepooling,delivery_p1",1493599320.0,1493600086.6068127,1213.0,535.0,17592367871585,
585,9,pickup_p2,1493599329.9,1493599379.440072,185.0,1324.0,17592367973408,17592368168172
586,52,pickup_p1,1493599329.9,1493599425.573446,2693.0,3624.0,17592368007725,
587,101,pickup_p1,1493599329.9,1493599471.2486925,3300.0,3219.0,17592368007071,
588,9,delivery_p2,1493599379.440072,1493599826.4632714,1324.0,3278.0,17592367973408,17592368168172
589,9,delivery_p1,1493599826.4632714,1493599954.137357,3278.0,776.0,17592367973408,17592368168172
590,91,pickup_p2,1493599339.9,1493599421.758248,1569.0,1567.0,17592367929563,17592368118662
591,91,delivery_p1,1493599421.758248,1493600206.8736818,1567.0,1772.0,17592367929563,17592368118662
592,91,delivery_p2,1493600206.8736818,1493604185.6831074,1772.0,1925.0,17592367929563,17592368118662
593,143,pickup_p1,1493599359.9,1493599572.336451,1547.0,1186.0,17592368170904,
594,148,pickup_p1,1493599359.9,1493599474.055725,1773.0,892.0,17592368015365,
595,20,pickup_p2,1493599379.9,1493599466.2247944,485.0,3286.0,17592367938385,17592368021505
596,150,pickup_p1,1493599379.9,1493599380.0,431.0,431.0,17592368172794,
597,20,delivery_p2,1493599466.2247944,1493600173.1427104,3286.0,1330.0,17592367938385,17592368021505
598,20,delivery_p1,1493600173.1427104,1493600731.8934882,1330.0,495.0,17592367938385,17592368021505
599,66,"failed_ridepooling,delivery_p1",1493599380.0,1493599835.3392878,3403.0,37.0,17592368065180,
600,15,pickup_p2,1493599409.9,1493599410.0,3863.0,3863.0,17592368107282,17592368175195
601,15,delivery_p1,1493599410.0,1493600436.6457663,3863.0,168.0,17592368107282,17592368175195
602,15,delivery_p2,1493600436.6457663,1493600550.080169,168.0,40.0,17592368107282,17592368175195
603,44,pickup_p1,1493599419.9,1493599725.5301006,1071.0,3288.0,17592368125304,
604,131,pickup_p1,1493599419.9,1493599508.6379998,803.0,3360.0,17592368175667,
605,80,pickup_p1,1493599429.9,1493599500.0438623,1381.0,1280.0,17592368032093,
606,151,pickup_p2,1493599439.9,1493599507.0822048,448.0,2650.0,17592368103500,17592368126978
607,151,delivery_p2,1493599507.0822048,1493599689.0695415,2650.0,131.0,17592368103500,17592368126978
608,151,delivery_p1,1493599689.0695415,1493600334.1932564,131.0,1547.0,17592368103500,17592368126978
609,143,pickup_p2,1493599449.9,1493599728.3419266,1186.0,1304.0,17592368170904,17592368020957
610,90,"failed_ridepooling,delivery_p1",1493599450.0,1493600987.0883036,1580.0,3465.0,17592367927155,
611,143,delivery_p2,1493599728.3419266,1493600331.8186173,1304.0,1783.0,17592368170904,17592368020957
612,143,delivery_p1,1493600331.8186173,1493600714.784396,1783.0,3404.0,17592368170904,17592368020957
613,110,pickup_p1,1493599459.9,1493599460.0,188.0,188.0,17592368128426,
614,71,"failed_ridepooling,delivery_p1",1493599460.0,1493600431.7791746,3664.0,365.0,17592367909272,
615,96,pickup_p1,1493599469.9,1493599665.8979876,630.0,116.0,17592368034231,
616,96,pickup_p2,1493599479.9,1493599628.795394,116.0,3411.0,17592368034231,17592368172827
617,63,pickup_p1,1493599479.9,1493599522.3750672,2665.0,3624.0,17592368035524,
618,96,delivery_p1,1493599628.795394,1493600344.5590196,3411.0,1069.0,17592368034231,17592368172827
619,96,delivery_p2,1493600344.5590196,1493602111.8258843,1069.0,2332.0,17592368034231,17592368172827
620,136,pickup_p1,1493599489.9,1493599614.8392966,438.0,1365.0,17592368018446,
621,110,pickup_p2,1493599519.9,1493599799.154902,188.0,2404.0,17592368128426,17592368184508
622,21,"failed_ridepooling,delivery_p1",1493599520.0,1493600089.983317,1182.0,2363.0,17592367933022,
623,110,delivery_p2,1493599799.154902,1493600449.8012543,2404.0,3300.0,17592368128426,17592368184508
624,110,delivery_p1,1493600449.8012543,1493600449.8012543,3300.0,3300.0,17592368128426,17592368184508
625,89,pickup_p1,1493599529.9,1493599673.9508593,131.0,1342.0,17592368024847,
626,111,pickup_p1,1493599529.9,1493599613.5866227,1547.0,2636.0,17592368249334,
627,36,"failed_ridepooling,delivery_p1",1493599530.0,1493600195.8384953,141.0,1066.0,17592367920205,
628,52,pickup_p2,1493599539.9,1493599855.2329674,3624.0,3297.0,17592368007725,17592368040595
629,80,pickup_p2,1493599539.9,1493599618.9296956,1280.0,1298.0,17592368032093,17592368186031
630,52,delivery_p1,1493599855.2329674,1493600639.939332,3297.0,1569.0,17592368007725,17592368040595
631,52,delivery_p2,1493600639.939332,1493600970.1217346,1569.0,2636.0,17592368007725,17592368040595
632,80,delivery_p2,1493599618.9296956,1493599979.991873,1298.0,3373.0,17592368032093,17592368186031
633,80,delivery_p1,1493599979.991873,1493600478.2374394,3373.0,2229.0,17592368032093,17592368186031
634,73,pickup_p1,1493599549.9,1493599763.061806,1085.0,1078.0,17592368250772,
635,111,pickup_p2,1493599559.9,1493599762.989867,2636.0,493.0,17592368249334,17592368171002
636,136,pickup_p2,1493599559.9,1493599837.1626492,1365.0,2204.0,17592368018446,17592368171916
637,12,pickup_p1,1493599559.9,1493599798.26167,3355.0,3369.0,17592368041483,
638,60,pickup_p1,1493599559.9,1493599769.2502358,1578.0,533.0,17592368251488,
639,111,delivery_p2,1493599762.989867,1493599840.647405,493.0,495.0,17592368249334,17592368171002
640,111,delivery_p1,1493599840.647405,1493600455.5260954,495.0,2363.0,17592368249334,17592368171002
641,136,delivery_p1,1493599837.1626492,1493600233.327272,2204.0,2142.0,17592368018446,17592368171916
642,136,delivery_p2,1493600233.327272,1493600954.4240782,2142.0,1744.0,17592368018446,17592368171916
643,132,pickup_p1,1493599569.9,1493599633.2238781,1384.0,1782.0,17592368042642,
644,10,pickup_p1,1493599579.9,1493599580.0,178.0,178.0,17592368244891,
645,62,pickup_p1,1493599599.9,1493599786.4684424,2142.0,3392.0,17592368029360,
646,74,pickup_p1,1493599599.9,1493599861.337761,3384.0,2143.0,17592368029287,
647,81,pickup_p1,1493599599.9,1493599876.9274273,363.0,2127.0,17592368039224,
648,103,pickup_p1,1493599599.9,1493599600.0,720.0,720.0,17592368046717,
649,140,pickup_p1,1493599609.9,1493599668.8430417,1095.0,751.0,17592368191775,
650,148,pickup_p2,1493599629.9,1493599795.0572324,892.0,785.0,17592368015365,17592368053317
651,24,pickup_p1,1493599629.9,1493599630.0,2256.0,2256.0,17592368142760,
652,75,"failed_ridepooling,delivery_p1",1493599630.0,1493600198.4997933,3664.0,2211.0,17592368093919,
653,148,delivery_p2,1493599795.0572324,1493600163.2120724,785.0,1784.0,17592368015365,17592368053317
654,148,delivery_p1,1493600163.2120724,1493600651.4998822,1784.0,1182.0,17592368015365,17592368053317
655,45,"failed_ridepooling,delivery_p1",1493599640.0,1493600026.7906082,488.0,1327.0,17592367999190,
656,94,"failed_ridepooling,delivery_p1",1493599640.0,1493600010.808257,3270.0,189.0,17592367918347,
657,142,pickup_p1,1493599659.9,1493599761.5201325,2159.0,632.0,17592368062237,
658,116,pickup_p1,1493599669.9,1493599791.066269,1085.0,2692.0,17592368040570,
659,19,pickup_p1,1493599679.9,1493599913.680849,1070.0,991.0,17592368247490,
660,42,pickup_p1,1493599679.9,1493599827.3996315,2223.0,2666.0,17592368151449,
661,120,pickup_p1,1493599679.9,1493599746.8116796,432.0,427.0,17592368261015,
662,89,pickup_p2,1493599689.9,1493599816.4117496,1342.0,1367.0,17592368024847,17592368154205
663,89,delivery_p1,1493599816.4117496,1493600204.7188284,1367.0,2400.0,17592368024847,17592368154205
664,89,delivery_p2,1493600204.7188284,1493600711.4689345,2400.0,3291.0,17592368024847,17592368154205
665,121,"failed_ridepooling,delivery_p1",1493599690.0,1493600356.9689596,1747.0,2363.0,17592368149274,
666,37,pickup_p1,1493599709.9,1493599710.0,2159.0,2159.0,17592368074545,
667,44,pickup_p2,1493599719.9,1493599799.4778006,3288.0,3290.0,17592368125304,17592368260459
668,44,delivery_p2,1493599799.4778006,1493600890.7869194,3290.0,1740.0,17592368125304,17592368260459
669,44,delivery_p1,1493600890.7869194,1493601093.1567552,1740.0,803.0,17592368125304,17592368260459
670,138,"failed_ridepooling,delivery_p1",1493599720.0,1493600082.049435,2192.0,474.0,17592368151608,
671,55,pickup_p1,1493599729.9,1493599933.545466,469.0,532.0,17592368127606,
672,107,pickup_p1,1493599729.9,1493600032.5272398,249.0,1373.0,17592368259872,
673,33,"failed_ridepooling,delivery_p1",1493599730.0,1493600344.9030852,1327.0,3278.0,17592368152020,
674,55,pickup_p2,1493599739.9,1493599898.129834,532.0,1327.0,17592368127606,17592368144901
675,60,pickup_p2,1493599739.9,1493599753.802499,533.0,1362.0,17592368251488,17592368198940
676,58,pickup_p1,1493599739.9,1493599983.861615,3389.0,1761.0,17592368245415,
677,55,delivery_p1,1493599898.129834,1493600244.9907718,1327.0,3405.0,17592368127606,17592368144901
678,55,delivery_p2,1493600244.9907718,1493600637.949151,3405.0,3404.0,17592368127606,17592368144901
679,60,delivery_p2,1493599753.802499,1493600129.1661775,1362.0,1280.0,17592368251488,17592368198940
680,60,delivery_p1,1493600129.1661775,1493601497.4145558,1280.0,1101.0,17592368251488,17592368198940
681,101,"failed_ridepooling,delivery_p1",1493599740.0,1493600121.6670945,3219.0,3303.0,17592368007071,
682,0,pickup_p1,1493599749.9,1493599750.0,3694.0,3694.0,17592368254050,
683,105,pickup_p1,1493599749.9,1493599975.0977454,485.0,70.0,17592368267322,
684,50,pickup_p1,1493599759.9,1493599940.8727515,3304.0,2231.0,17592368186258,
685,88,pickup_p1,1493599759.9,1493599860.2576303,776.0,3277.0,17592368063401,
686,129,pickup_p1,1493599759.9,1493599760.0,3882.0,3882.0,17592368267916,
687,2,"failed_ridepooling,delivery_p1",1493599760.0,1493601264.2860112,2652.0,1085.0,17592368103852,
688,42,pickup_p2,1493599769.9,1493599795.4792523,2666.0,2665.0,17592368151449,17592368166093
689,88,pickup_p2,1493599769.9,1493599881.919456,3277.0,1784.0,17592368063401,17592368253426
690,132,pickup_p2,1493599769.9,1493599800.2126465,1782.0,1784.0,17592368042642,17592368204900
691,65,pickup_p1,1493599769.9,1493600030.998807,3279.0,3375.0,17592368056465,
692,42,delivery_p1,1493599795.4792523,1493600528.8588846,2665.0,177.0,17592368151449,17592368166093
693,42,delivery_p2,1493600528.8588846,1493601037.1098711,177.0,1185.0,17592368151449,17592368166093
694,88,delivery_p1,1493599881.919456,1493600341.4039426,1784.0,497.0,17592368063401,17592368253426
695,88,delivery_p2,1493600341.4039426,1493600433.2756813,497.0,1555.0,17592368063401,17592368253426
696,132,delivery_p2,1493599800.2126465,1493600042.2757056,1784.0,777.0,17592368042642,17592368204900
697,132,delivery_p1,1493600042.2757056,1493600327.786742,777.0,791.0,17592368042642,17592368204900
698,14,"failed_ridepooling,delivery_p1",1493599780.0,1493600654.2330554,151.0,1085.0,17592368156144,
699,29,pickup_p1,1493599789.9,1493599790.0,1025.0,1025.0,17592368178589,
700,22,"failed_ridepooling,delivery_p1",1493599790.0,1493600356.5253072,2228.0,803.0,17592368106452,
701,142,pickup_p2,1493599799.9,1493600058.4084253,632.0,156.0,17592368062237,17592368206879
702,78,pickup_p1,1493599799.9,1493599962.744386,185.0,1280.0,17592367898034,
703,142,delivery_p2,1493600058.4084253,1493600520.2544327,156.0,55.0,17592368062237,17592368206879
704,142,delivery_p1,1493600520.2544327,1493600595.4227228,55.0,56.0,17592368062237,17592368206879
705,73,pickup_p2,1493599809.9,1493599965.7913628,1078.0,2113.0,17592368250772,17592368099209
706,68,"failed_ridepooling,delivery_p1",1493599810.0,1493600407.6490839,690.0,720.0,17592367702049,
707,73,delivery_p2,1493599965.7913628,1493600256.2065244,2113.0,2390.0,17592368250772,17592368099209
708,73,delivery_p1,1493600256.2065244,1493600759.6231596,2390.0,1728.0,17592368250772,17592368099209
709,65,pickup_p2,1493599819.9,1493600029.6003342,3375.0,3295.0,17592368056465,17592368100529
710,53,pickup_p1,1493599819.9,1493600117.2606616,863.0,2120.0,17592368272795,
711,65,delivery_p2,1493600029.6003342,1493600564.9541583,3295.0,1091.0,17592368056465,17592368100529
712,65,delivery_p1,1493600564.9541583,1493601771.9252393,1091.0,2697.0,17592368056465,17592368100529
713,30,pickup_p1,1493599829.9,1493599969.9253445,766.0,1735.0,17592368081889,
714,126,pickup_p1,1493599839.9,1493599840.0,719.0,719.0,17592368190073,
715,144,pickup_p1,1493599839.9,1493600076.1074538,840.0,2679.0,17592368209847,
716,116,pickup_p2,1493599859.9,1493599860.0,2692.0,2692.0,17592368040570,17592368212127
717,116,delivery_p2,1493599860.0,1493599973.7564747,2692.0,1080.0,17592368040570,17592368212127
718,116,delivery_p1,1493599973.7564747,1493600624.1322734,1080.0,2401.0,17592368040570,17592368212127
719,63,pickup_p2,1493599869.9,1493600066.1853876,3624.0,2111.0,17592368035524,17592368197385
720,78,pickup_p2,1493599869.9,1493599942.2490058,1280.0,487.0,17592367898034,17592368196777
721,81,pickup_p2,1493599869.9,1493599980.912629,2127.0,1023.0,17592368039224,17592368211763
722,43,pickup_p1,1493599869.9,1493599915.5541458,2219.0,1333.0,17592368276402,
723,61,pickup_p1,1493599869.9,1493599871.8062477,1555.0,1230.0,17592368112449,
724,66,pickup_p1,1493599869.9,1493599975.3519866,37.0,3375.0,17592368180825,
725,63,delivery_p2,1493600066.1853876,1493602280.1426218,2111.0,3694.0,17592368035524,17592368197385
726,63,delivery_p1,1493602280.1426218,1493602280.1426218,3694.0,3694.0,17592368035524,17592368197385
727,78,delivery_p1,1493599942.2490058,1493600820.1636984,487.0,1085.0,17592367898034,17592368196777
728,78,delivery_p2,1493600820.1636984,1493601627.8174214,1085.0,3025.0,17592367898034,17592368196777
729,81,delivery_p1,1493599980.912629,1493600774.5998104,1023.0,3384.0,17592368039224,17592368211763
730,81,delivery_p2,1493600774.5998104,1493601215.3170629,3384.0,1350.0,17592368039224,17592368211763
731,141,pickup_p1,1493599879.9,1493599880.0,1085.0,1085.0,17592368320601,
732,10,pickup_p2,1493599889.9,1493600000.615064,178.0,1280.0,17592368244891,17592368278414
733,53,pickup_p2,1493599889.9,1493600096.9173021,2120.0,860.0,17592368272795,17592368277396
734,66,pickup_p2,1493599889.9,1493600026.8603,3375.0,55.0,17592368180825,17592368184557
735,57,pickup_p1,1493599889.9,1493599890.0,824.0,824.0,17592368278279,
736,10,delivery_p1,1493600000.615064,1493600163.3594496,1280.0,185.0,17592368244891,17592368278414
737,10,delivery_p2,1493600163.3594496,1493600579.3680902,185.0,1348.0,17592368244891,17592368278414
738,53,delivery_p2,1493600096.9173021,1493601358.5924406,860.0,2386.0,17592368272795,17592368277396
739,53,delivery_p1,1493601358.5924406,1493602107.4853969,2386.0,2093.0,17592368272795,17592368277396
740,66,delivery_p2,1493600026.8603,1493600577.2108212,55.0,3269.0,17592368180825,17592368184557
741,66,delivery_p1,1493600577.2108212,1493600740.5750475,3269.0,1309.0,17592368180825,17592368184557
742,124,pickup_p1,1493599899.9,1493600035.5493896,1179.0,2359.0,17592368204329,
743,41,pickup_p1,1493599909.9,1493599910.0,1227.0,1227.0,17592368208557,
744,120,pickup_p2,1493599919.9,1493600144.8584025,427.0,1381.0,17592368261015,17592368216656
745,64,pickup_p1,1493599919.9,1493600123.468172,2355.0,248.0,17592368123965,
746,120,delivery_p1,1493600144.8584025,1493600385.1822946,1381.0,2363.0,17592368261015,17592368216656
747,120,delivery_p2,1493600385.1822946,1493600498.1895726,2363.0,79.0,17592368261015,17592368216656
748,3,pickup_p1,1493599929.9,1493599997.82788,484.0,3285.0,17592368075085,
749,23,pickup_p1,1493599929.9,1493600090.192875,2229.0,2240.0,17592368211593,
750,102,pickup_p1,1493599939.9,1493600082.785332,3384.0,1328.0,17592368098805,
751,31,pickup_p1,1493599949.9,1493600157.3072152,803.0,1773.0,17592368219122,
752,56,pickup_p1,1493599949.9,1493599950.0,579.0,579.0,17592368282950,
753,67,pickup_p1,1493599949.9,1493600016.3334482,3218.0,3300.0,17592368207712,
754,112,pickup_p1,1493599969.9,1493600130.300945,1567.0,1186.0,17592368221689,
755,130,pickup_p1,1493599969.9,1493599979.190237,866.0,867.0,17592368284539,
756,150,"failed_ridepooling,delivery_p1",1493599980.0,1493600862.9791317,431.0,17.0,17592368172794,
757,61,pickup_p2,1493599989.9,1493600088.93173,1230.0,1182.0,17592368112449,17592368140985
758,145,pickup_p1,1493599989.9,1493599990.0,480.0,480.0,17592368226569,
759,61,delivery_p2,1493600088.93173,1493600923.740949,1182.0,399.0,17592368112449,17592368140985
760,61,delivery_p1,1493600923.740949,1493601633.7060673,399.0,1099.0,17592368112449,17592368140985
761,26,"failed_ridepooling,delivery_p1",1493600000.0,1493600897.2874603,3571.0,141.0,17592367986885,
762,145,pickup_p2,1493600009.9,1493600051.2755606,480.0,477.0,17592368226569,17592368287778
763,11,pickup_p1,1493600009.9,1493600087.6370873,2665.0,2196.0,17592368277551,
764,62,"failed_ridepooling,delivery_p1",1493600010.0,1493600638.350754,3392.0,2646.0,17592368029360,
765,74,"failed_ridepooling,delivery_p1",1493600010.0,1493600603.0151231,2143.0,1085.0,17592368029287,
766,145,delivery_p2,1493600051.2755606,1493602374.5789542,477.0,3694.0,17592368226569,17592368287778
767,145,delivery_p1,1493602374.5789542,1493602374.5789542,3694.0,3694.0,17592368226569,17592368287778
768,137,pickup_p1,1493600019.9,1493600065.2913928,1329.0,1331.0,17592368224478,
769,6,pickup_p1,1493600049.9,1493600318.2442806,1085.0,1077.0,17592368271080,
770,45,pickup_p1,1493600069.9,1493600149.962333,1327.0,2205.0,17592368281972,
771,125,pickup_p1,1493600069.9,1493600140.0438623,1280.0,1381.0,17592368350022,
772,34,pickup_p1,1493600079.9,1493600255.1839979,3849.0,3862.0,17592368219234,
773,69,pickup_p1,1493600079.9,1493600137.1370447,3694.0,3840.0,17592368446284,
774,131,pickup_p2,1493600089.9,1493600232.523319,3360.0,1744.0,17592368175667,17592368294444
775,47,pickup_p1,1493600089.9,1493600418.1810665,535.0,548.0,17592368189309,
776,58,"failed_ridepooling,delivery_p1",1493600090.0,1493600708.8546655,1761.0,427.0,17592368245415,
777,131,delivery_p2,1493600232.523319,1493600828.493821,1744.0,2143.0,17592368175667,17592368294444
778,131,delivery_p1,1493600828.493821,1493601330.2395465,2143.0,1085.0,17592368175667,17592368294444
779,43,pickup_p2,1493600099.9,1493600148.5841703,1333.0,2388.0,17592368276402,17592368352166
780,76,pickup_p1,1493600099.9,1493600235.5493896,1179.0,2359.0,17592368352935,
781,43,delivery_p2,1493600148.5841703,1493600418.895116,2388.0,2186.0,17592368276402,17592368352166
782,43,delivery_p1,1493600418.895116,1493600753.741469,2186.0,469.0,17592368276402,17592368352166
783,19,"failed_ridepooling,delivery_p1",1493600110.0,1493600915.1511445,991.0,1781.0,17592368247490,
784,64,pickup_p2,1493600119.9,1493600205.061088,248.0,1578.0,17592368123965,17592368448987
785,94,pickup_p1,1493600119.9,1493600135.5065002,189.0,188.0,17592368448978,
786,64,delivery_p2,1493600205.061088,1493600771.3018706,1578.0,1572.0,17592368123965,17592368448987
787,64,delivery_p1,1493600771.3018706,1493601605.084684,1572.0,2241.0,17592368123965,17592368448987
788,41,pickup_p2,1493600129.9,1493600196.392552,1227.0,2635.0,17592368208557,17592368355028
789,105,pickup_p2,1493600129.9,1493600366.3052778,70.0,1587.0,17592368267322,17592368449832
790,97,pickup_p1,1493600129.9,1493600340.567358,2221.0,1077.0,17592368291819,
791,101,pickup_p1,1493600129.9,1493600130.0,3303.0,3303.0,17592368224822,
792,41,delivery_p1,1493600196.392552,1493600730.9217036,2635.0,132.0,17592368208557,17592368355028
793,41,delivery_p2,1493600730.9217036,1493601541.5569284,132.0,3291.0,17592368208557,17592368355028
794,105,delivery_p1,1493600366.3052778,1493601267.5271952,1587.0,3417.0,17592368267322,17592368449832
795,105,delivery_p2,1493601267.5271952,1493601619.7524874,3417.0,763.0,17592368267322,17592368449832
796,147,pickup_p1,1493600139.9,1493600430.4200692,1085.0,2245.0,17592368355656,
797,101,pickup_p2,1493600149.9,1493600150.0,3303.0,3303.0,17592368224822,17592368451331
798,50,"failed_ridepooling,delivery_p1",1493600150.0,1493600637.8514485,2231.0,1071.0,17592368186258,
799,101,delivery_p1,1493600150.0,1493600747.1963851,3303.0,2665.0,17592368224822,17592368451331
800,101,delivery_p2,1493600747.1963851,1493601139.3950112,2665.0,1085.0,17592368224822,17592368451331
801,30,pickup_p2,1493600159.9,1493600306.2306848,1735.0,1763.0,17592368081889,17592368357432
802,12,"failed_ridepooling,delivery_p1",1493600160.0,1493600709.9938364,3369.0,883.0,17592368041483,
803,30,delivery_p1,1493600306.2306848,1493601085.5135543,1763.0,1280.0,17592368081889,17592368357432
804,30,delivery_p2,1493601085.5135543,1493601324.892066,1280.0,477.0,17592368081889,17592368357432
805,84,pickup_p1,1493600169.9,1493600170.0,478.0,478.0,17592368301350,
806,28,pickup_p1,1493600179.9,1493600180.0,488.0,488.0,17592368302132,
807,17,pickup_p1,1493600189.9,1493600246.4057214,532.0,1355.0,17592368360054,
808,0,"failed_ridepooling,delivery_p1",1493600190.0,1493600681.970199,3694.0,3829.0,17592368254050,
809,31,pickup_p2,1493600199.9,1493600400.083689,1773.0,1763.0,17592368219122,17592368303302
810,36,pickup_p1,1493600199.9,1493600326.3242612,1066.0,1069.0,17592368232147,
811,49,pickup_p1,1493600199.9,1493600408.2245955,3384.0,1331.0,17592368350050,
812,31,delivery_p2,1493600400.083689,1493601211.5255158,1763.0,3624.0,17592368219122,17592368303302
813,31,delivery_p1,1493601211.5255158,1493601407.7109036,3624.0,2111.0,17592368219122,17592368303302
814,103,"failed_ridepooling,delivery_p1",1493600200.0,1493600770.440673,720.0,2589.0,17592368046717,
815,147,pickup_p2,1493600209.9,1493600210.0,2245.0,2245.0,17592368355656,17592368303311
816,99,pickup_p1,1493600209.9,1493600285.2263615,187.0,190.0,17592368239967,
817,113,pickup_p1,1493600209.9,1493600298.7794936,1085.0,11.0,17592368361459,
818,140,"failed_ridepooling,delivery_p1",1493600210.0,1493600499.5285003,751.0,2236.0,17592368191775,
819,147,delivery_p2,1493600210.0,1493601297.3925583,2245.0,1322.0,17592368355656,17592368303311
820,147,delivery_p1,1493601297.3925583,1493601998.1789162,1322.0,1567.0,17592368355656,17592368303311
821,67,pickup_p2,1493600219.9,1493600371.1812696,3300.0,60.0,17592368207712,17592368457667
822,112,pickup_p2,1493600219.9,1493600471.637276,1186.0,431.0,17592368221689,17592368457430
823,134,pickup_p1,1493600219.9,1493600342.3003516,469.0,1365.0,17592368351055,
824,67,delivery_p2,1493600371.1812696,1493600648.3842664,60.0,1753.0,17592368207712,17592368457667
825,67,delivery_p1,1493600648.3842664,1493600816.7956507,1753.0,785.0,17592368207712,17592368457667
826,112,delivery_p2,1493600471.637276,1493601129.0207043,431.0,3384.0,17592368221689,17592368457430
827,112,delivery_p1,1493601129.0207043,1493601804.1372736,3384.0,1085.0,17592368221689,17592368457430
828,24,"failed_ridepooling,delivery_p1",1493600230.0,1493600611.1292558,2256.0,2683.0,17592368142760,
829,23,pickup_p2,1493600239.9,1493600426.8866134,2240.0,883.0,17592368211593,17592368448283
830,16,pickup_p1,1493600239.9,1493600271.0196118,1782.0,151.0,17592368459104,
831,23,delivery_p2,1493600426.8866134,1493600886.1488404,883.0,3375.0,17592368211593,17592368448283
832,23,delivery_p1,1493600886.1488404,1493601319.3075402,3375.0,480.0,17592368211593,17592368448283
833,76,pickup_p2,1493600249.9,1493600506.819104,2359.0,1567.0,17592368352935,17592368307648
834,76,delivery_p1,1493600506.819104,1493601484.1013868,1567.0,55.0,17592368352935,17592368307648
835,76,delivery_p2,1493601484.1013868,1493602674.0645802,55.0,1446.0,17592368352935,17592368307648
836,8,pickup_p1,1493600259.9,1493600260.0,813.0,813.0,17592368244396,
837,39,pickup_p1,1493600259.9,1493600462.9867,500.0,1556.0,17592368308134,
838,107,"failed_ridepooling,delivery_p1",1493600260.0,1493602369.0559468,1373.0,720.0,17592368259872,
839,39,pickup_p2,1493600269.9,1493600270.0,1556.0,1556.0,17592368308134,17592368453534
840,94,pickup_p2,1493600269.9,1493600423.0826006,188.0,1269.0,17592368448978,17592368246865
841,79,pickup_p1,1493600269.9,1493600417.274354,1354.0,1351.0,17592368448586,
842,39,delivery_p2,1493600270.0,1493600528.0731122,1556.0,2641.0,17592368308134,17592368453534
843,39,delivery_p1,1493600528.0731122,1493601274.078418,2641.0,1327.0,17592368308134,17592368453534
844,94,delivery_p2,1493600423.0826006,1493600820.3151383,1269.0,36.0,17592368448978,17592368246865
845,94,delivery_p1,1493600820.3151383,1493601139.3681889,36.0,2143.0,17592368448978,17592368246865
846,133,pickup_p1,1493600289.9,1493600480.5732765,1076.0,2692.0,17592368300479,
847,92,pickup_p1,1493600299.9,1493600529.8559952,2630.0,1179.0,17592368254841,
848,13,pickup_p1,1493600309.9,1493600611.4780583,1078.0,2244.0,17592368243275,
849,37,"failed_ridepooling,delivery_p1",1493600310.0,1493600839.1804075,2159.0,1352.0,17592368074545,
850,3,"failed_ridepooling,delivery_p1",1493600320.0,1493600686.5697608,3285.0,369.0,17592368075085,
851,144,pickup_p2,1493600329.9,1493600613.3946245,2679.0,1750.0,17592368209847,17592368261761
852,123,pickup_p1,1493600329.9,1493600516.8237376,1101.0,2248.0,17592368314351,
853,138,pickup_p1,1493600329.9,1493600543.023884,474.0,1048.0,17592368466402,
854,144,delivery_p1,1493600613.3946245,1493601498.6665933,1750.0,38.0,17592368209847,17592368261761
855,144,delivery_p2,1493601498.6665933,1493601620.9250946,38.0,3278.0,17592368209847,17592368261761
856,138,pickup_p2,1493600339.9,1493600436.3178256,1048.0,1823.0,17592368466402,17592368240647
857,138,delivery_p2,1493600436.3178256,1493600666.1712058,1823.0,2222.0,17592368466402,17592368240647
858,138,delivery_p1,1493600666.1712058,1493601491.496029,2222.0,1744.0,17592368466402,17592368240647
859,49,pickup_p2,1493600359.9,1493600653.819818,1331.0,2143.0,17592368350050,17592368362254
860,49,delivery_p1,1493600653.819818,1493601170.8671997,2143.0,892.0,17592368350050,17592368362254
861,49,delivery_p2,1493601170.8671997,1493601300.6867013,892.0,804.0,17592368350050,17592368362254
862,129,"failed_ridepooling,delivery_p1",1493600360.0,1493601081.1637683,3882.0,3508.0,17592368267916,
863,75,pickup_p1,1493600369.9,1493600405.7180815,2211.0,2209.0,17592368469608,
864,22,pickup_p1,1493600389.9,1493600715.991707,803.0,863.0,17592368471251,
865,128,pickup_p1,1493600389.9,1493600567.4018862,2096.0,1447.0,17592368365754,
866,29,"failed_ridepooling,delivery_p1",1493600390.0,1493601065.8802438,1025.0,1068.0,17592368178589,
